test_0,[2.4722182e-04 9.7567016e-01 2.4061954e-02 2.0748879e-05]
test_1,[1.7729615e-05 5.1564868e-03 9.9482369e-01 2.0601410e-06]
test_2,[7.8058183e-06 9.8689729e-01 1.3093268e-02 1.6794555e-06]
test_3,[3.11809481e-06 9.85576808e-01 1.44177675e-02 2.33207356e-06]
test_4,[9.9257017e-03 6.3801296e-02 9.2597169e-01 3.0142177e-04]
test_5,[4.2087881e-06 4.4845985e-03 9.9550986e-01 1.4544129e-06]
test_6,[7.7482640e-05 9.9977058e-01 1.4878449e-04 3.0621288e-06]
test_7,[9.969015e-01 2.185537e-03 8.473880e-04 6.568706e-05]
test_8,[8.1220514e-04 3.8270822e-03 5.6888871e-03 9.8967183e-01]
test_9,[7.3830593e-06 1.1247536e-03 9.9886751e-01 3.8469940e-07]
test_10,[1.8189354e-05 9.9987102e-01 1.1065461e-04 1.5800758e-07]
test_11,[1.5846072e-05 3.2132932e-03 9.9676895e-01 1.9297454e-06]
test_12,[6.1968480e-05 9.9504566e-01 4.8779217e-03 1.4440355e-05]
test_13,[1.6970718e-05 2.1619303e-02 9.7835743e-01 6.2367394e-06]
test_14,[4.0297053e-07 9.9841917e-01 1.5800915e-03 4.1049975e-07]
test_15,[8.8228142e-01 1.1771686e-01 6.7542226e-07 1.1363676e-06]
test_16,[2.6047721e-07 1.1463322e-03 9.9885333e-01 4.4691525e-08]
test_17,[5.1341526e-04 4.4354197e-02 9.5507175e-01 6.0678878e-05]
test_18,[9.8852366e-01 2.6905434e-03 8.6015817e-03 1.8416414e-04]
test_19,[4.7190150e-04 2.2298714e-02 9.7717768e-01 5.1696166e-05]
test_20,[2.0300438e-06 8.3363671e-03 9.9166089e-01 7.0163793e-07]
test_21,[7.0573791e-05 6.6830218e-04 9.9919111e-01 7.0068934e-05]
test_22,[7.8739464e-01 5.3068656e-03 2.0678326e-01 5.1523367e-04]
test_23,[2.1709197e-05 6.5060575e-03 9.9346983e-01 2.4264534e-06]
test_24,[6.8035161e-01 2.5290351e-03 3.1699133e-01 1.2798533e-04]
test_25,[9.160007e-01 9.882114e-03 7.372089e-02 3.962513e-04]
test_26,[0.9814705  0.0117292  0.0058169  0.00098336]
test_27,[7.8100929e-06 4.8069097e-04 9.9950421e-01 7.2435882e-06]
test_28,[2.4311956e-07 9.8678631e-01 1.3213174e-02 3.8293078e-07]
test_29,[9.9500000e-01 8.4390410e-04 4.1059973e-03 5.0101353e-05]
test_30,[5.5573837e-06 9.9997771e-01 1.6289892e-05 4.4578726e-07]
test_31,[1.3265338e-04 9.9908829e-01 7.7349326e-04 5.5844789e-06]
test_32,[7.4437562e-06 5.3331857e-03 9.9465758e-01 1.7317299e-06]
test_33,[3.0878216e-06 9.9970895e-01 2.8757163e-04 4.0703713e-07]
test_34,[3.9526480e-04 5.1326148e-05 4.1089611e-04 9.9914253e-01]
test_35,[1.0510613e-07 9.9919289e-01 8.0689503e-04 8.9534474e-08]
test_36,[5.7849765e-04 9.2491776e-01 7.4365273e-02 1.3852624e-04]
test_37,[1.1898598e-05 1.3782551e-02 9.8620045e-01 5.1327388e-06]
test_38,[3.8399558e-05 1.3533072e-02 9.8641610e-01 1.2330182e-05]
test_39,[1.3874793e-04 7.2829425e-01 2.7148363e-01 8.3320752e-05]
test_40,[2.9861776e-05 5.5450387e-03 9.9442106e-01 4.0751429e-06]
test_41,[1.5310317e-04 9.1959780e-01 8.0185302e-02 6.3760664e-05]
test_42,[1.7278077e-06 1.5432913e-04 9.9984312e-01 8.6818585e-07]
test_43,[0.09342507 0.02747821 0.875975   0.00312179]
test_44,[4.1380928e-05 2.9790139e-01 7.0200008e-01 5.7195335e-05]
test_45,[5.5609385e-06 3.0977005e-04 9.9968457e-01 5.9971228e-08]
test_46,[7.8320692e-05 1.2832521e-03 3.0787432e-05 9.9860758e-01]
test_47,[5.5494443e-06 9.9705327e-01 2.9395449e-03 1.6167279e-06]
test_48,[1.0267661e-04 1.5073841e-04 1.1416061e-04 9.9963236e-01]
test_49,[2.4663510e-07 9.9999607e-01 3.6604083e-06 2.5897778e-08]
test_50,[9.9500436e-01 4.9194461e-03 5.8815480e-05 1.7360308e-05]
test_51,[7.2875223e-06 2.8694907e-02 9.7129458e-01 3.2537407e-06]
test_52,[9.3072805e-07 9.9865037e-01 1.3469076e-03 1.7784469e-06]
test_53,[9.7891170e-06 9.9967349e-01 3.0103116e-04 1.5671247e-05]
test_54,[0.4246967  0.06979214 0.5041254  0.00138575]
test_55,[3.8269022e-06 9.9188364e-01 8.1105633e-03 2.0404036e-06]
test_56,[1.9153078e-04 2.5463919e-03 9.9725807e-01 3.9350002e-06]
test_57,[1.9229858e-01 3.1914804e-02 7.7518243e-01 6.0416188e-04]
test_58,[8.9308901e-07 4.7314703e-03 9.9526739e-01 2.6338802e-07]
test_59,[2.2614395e-05 3.8791841e-03 9.9609691e-01 1.3652540e-06]
test_60,[3.5457459e-05 2.9642268e-03 9.9699688e-01 3.5151329e-06]
test_61,[5.9273543e-06 9.9404776e-01 5.9443573e-03 1.9751340e-06]
test_62,[1.0362240e-02 2.4439784e-02 9.6496791e-01 2.3011907e-04]
test_63,[5.6441077e-06 5.9889602e-03 9.9400371e-01 1.5898514e-06]
test_64,[2.9138648e-06 1.4759722e-04 9.9984801e-01 1.5007133e-06]
test_65,[2.1959208e-06 1.7503060e-03 9.9824739e-01 2.4223237e-07]
test_66,[3.476306e-04 1.311738e-01 8.684154e-01 6.316964e-05]
test_67,[3.2761798e-04 9.9958736e-01 8.3656632e-05 1.4301708e-06]
test_68,[4.0812600e-07 1.2513252e-02 9.8748583e-01 5.9065644e-07]
test_69,[9.1201982e-06 9.9993467e-01 5.5835601e-05 3.0315942e-07]
test_70,[1.5594496e-05 9.9998426e-01 1.4185089e-07 8.3929690e-09]
test_71,[7.8430458e-06 1.6110292e-02 9.8387778e-01 4.0520390e-06]
test_72,[4.5690019e-04 2.0547531e-04 2.1924747e-03 9.9714512e-01]
test_73,[1.8138720e-03 6.1259365e-01 3.8498437e-01 6.0811534e-04]
test_74,[9.9631029e-01 1.2735784e-04 3.5387119e-03 2.3657198e-05]
test_75,[3.1524331e-05 1.5435835e-02 9.8452735e-01 5.3156332e-06]
test_76,[5.2910223e-06 2.6132530e-04 9.9972910e-01 4.3449859e-06]
test_77,[7.6519075e-07 9.9941751e-04 9.9899977e-01 7.8943486e-08]
test_78,[3.1351284e-04 2.8586632e-02 9.7103697e-01 6.2849664e-05]
test_79,[9.7606808e-01 2.3574516e-02 2.9743405e-04 5.9966467e-05]
test_80,[3.6036075e-05 7.1650918e-04 9.9918431e-01 6.3060863e-05]
test_81,[7.9612094e-01 2.0385350e-01 2.0471694e-05 5.0285685e-06]
test_82,[4.7093845e-04 1.9760437e-01 8.0169988e-01 2.2480602e-04]
test_83,[7.6358180e-07 9.9982029e-01 1.7878794e-04 2.2915188e-07]
test_84,[1.09716115e-04 1.60551891e-01 8.39276314e-01 6.20533101e-05]
test_85,[1.7209929e-06 9.9717593e-01 2.8214771e-03 8.6343317e-07]
test_86,[9.9931157e-01 5.1006628e-04 1.6409811e-04 1.4271341e-05]
test_87,[2.4505189e-06 1.0452162e-03 9.9895203e-01 2.2940095e-07]
test_88,[1.04585672e-06 2.14922751e-04 9.99784052e-01 1.44392365e-08]
test_89,[5.9511012e-06 6.0716751e-03 9.9392128e-01 1.1669389e-06]
test_90,[1.9919476e-08 8.1001999e-06 9.9999189e-01 2.3820619e-09]
test_91,[1.4371877e-04 9.8100466e-01 1.8830815e-02 2.0843094e-05]
test_92,[4.3303595e-04 8.1633087e-03 9.9138194e-01 2.1760703e-05]
test_93,[9.8150231e-08 9.9999988e-01 5.8897076e-08 4.3883421e-09]
test_94,[1.0085963e-05 2.3674050e-04 9.9975306e-01 1.2501064e-07]
test_95,[3.3664066e-05 9.4953492e-02 9.0498585e-01 2.6973485e-05]
test_96,[2.1076894e-04 4.1280463e-01 5.8675355e-01 2.3111358e-04]
test_97,[2.6158313e-04 3.0903582e-04 1.1522749e-03 9.9827707e-01]
test_98,[1.2372961e-04 4.8633706e-02 9.5117915e-01 6.3379957e-05]
test_99,[9.4160181e-01 5.8015369e-02 3.2800063e-04 5.4858752e-05]
test_100,[9.7418064e-01 1.9253729e-02 6.1560124e-03 4.0962189e-04]
test_101,[3.0956398e-05 4.9016636e-04 9.9939454e-01 8.4322055e-05]
test_102,[1.7621378e-05 9.9755967e-01 2.4212443e-03 1.4381154e-06]
test_103,[7.5053697e-07 6.7501387e-04 9.9932420e-01 6.5338966e-08]
test_104,[9.9022734e-01 9.5483856e-03 1.6334918e-04 6.0863291e-05]
test_105,[2.8934592e-06 9.9999583e-01 9.1547025e-07 3.0145478e-07]
test_106,[9.9969780e-01 1.4528228e-04 1.4899303e-04 8.0217842e-06]
test_107,[1.2417825e-06 5.2220486e-03 9.9477625e-01 4.7348144e-07]
test_108,[7.6503493e-06 2.1157244e-03 9.9787605e-01 6.7878301e-07]
test_109,[9.3301212e-05 4.6503823e-03 9.9525046e-01 5.9217828e-06]
test_110,[1.0006634e-05 1.8514987e-02 9.8147041e-01 4.5094312e-06]
test_111,[8.9693290e-01 8.8942893e-02 1.3683383e-02 4.4086628e-04]
test_112,[3.0433599e-04 9.1019833e-01 8.9290403e-02 2.0690970e-04]
test_113,[8.7283489e-08 9.9930215e-01 6.9778133e-04 4.6260517e-08]
test_114,[1.1714426e-03 9.8732090e-01 1.1408563e-02 9.9144127e-05]
test_115,[1.9999324e-07 4.2127125e-04 9.9957842e-01 1.8680279e-08]
test_116,[0.65253    0.00950458 0.33590838 0.00205707]
test_117,[1.4840982e-06 3.5235905e-03 9.9647444e-01 4.9517121e-07]
test_118,[2.3380282e-07 2.0410887e-04 9.9979562e-01 1.1490444e-08]
test_119,[9.9856961e-01 1.4080449e-03 1.9832249e-05 2.4622445e-06]
test_120,[4.9279282e-07 9.9905545e-01 9.4388978e-04 1.7625344e-07]
test_121,[6.0092527e-03 2.8136760e-02 9.6567219e-01 1.8178206e-04]
test_122,[1.0103588e-05 6.0044594e-02 9.3993795e-01 7.3862834e-06]
test_123,[8.2417816e-01 3.1611649e-03 1.7258401e-01 7.6689867e-05]
test_124,[9.0250410e-07 1.4417142e-03 9.9855727e-01 1.0044102e-07]
test_125,[3.4095014e-05 9.9916828e-01 7.9344737e-04 4.2085767e-06]
test_126,[7.0613123e-07 9.9943250e-01 5.6642364e-04 3.6983937e-07]
test_127,[1.2546522e-04 9.9977249e-01 9.9323115e-05 2.7983504e-06]
test_128,[2.5877422e-05 1.7209804e-01 8.2786280e-01 1.3270092e-05]
test_129,[0.9094026  0.01751946 0.07163215 0.00144573]
test_130,[9.8868036e-01 1.1158571e-02 9.3887626e-05 6.7098845e-05]
test_131,[4.1510186e-05 5.0157670e-02 9.4978720e-01 1.3517753e-05]
test_132,[4.7017513e-03 1.0483929e-02 9.8477966e-01 3.4680790e-05]
test_133,[6.0211564e-06 9.9979597e-01 1.9740719e-04 5.8614427e-07]
test_134,[2.0895617e-05 3.7441545e-04 9.9960464e-01 9.8092542e-08]
test_135,[3.9067930e-03 9.9595535e-01 1.2821339e-04 9.6564199e-06]
test_136,[1.3449837e-05 2.6392856e-01 7.3603547e-01 2.2552138e-05]
test_137,[2.4364484e-05 4.3949774e-03 9.9557805e-01 2.7237825e-06]
test_138,[0.0411887  0.23670128 0.7195312  0.00257884]
test_139,[9.9142355e-01 8.3361920e-03 5.9195285e-05 1.8107315e-04]
test_140,[2.4962662e-06 2.6137943e-03 9.9738318e-01 4.6692176e-07]
test_141,[1.0834631e-05 4.1065719e-03 9.9588108e-01 1.5577908e-06]
test_142,[1.19299344e-04 9.91914988e-01 7.95482937e-03 1.08506656e-05]
test_143,[9.8658711e-01 1.3379876e-02 2.0872776e-05 1.2125099e-05]
test_144,[1.8921747e-07 9.9999976e-01 6.8762233e-08 1.3813376e-09]
test_145,[1.5505078e-05 3.4008857e-03 9.9658197e-01 1.5602153e-06]
test_146,[4.7009416e-06 9.9800521e-01 1.9893770e-03 7.3995949e-07]
test_147,[9.9898094e-01 5.0839881e-04 4.9190695e-04 1.8690394e-05]
test_148,[1.01606725e-02 1.56776290e-02 9.74019110e-01 1.42591321e-04]
test_149,[2.6545871e-05 9.3051471e-02 9.0690005e-01 2.1853059e-05]
test_150,[0.00127588 0.5999904  0.39798462 0.00074911]
test_151,[0.01207376 0.06992546 0.0292213  0.88877946]
test_152,[9.5666564e-01 3.9965328e-02 3.1503332e-03 2.1862025e-04]
test_153,[2.2171369e-05 4.3829037e-03 9.9559265e-01 2.2823117e-06]
test_154,[9.9954492e-01 3.9214926e-04 2.3759958e-05 3.9150877e-05]
test_155,[9.2963446e-03 7.8982906e-04 9.8991126e-01 2.6234850e-06]
test_156,[4.7503462e-01 5.2478665e-01 1.2806665e-04 5.0592273e-05]
test_157,[3.3113538e-05 6.9297706e-03 9.9303448e-01 2.6527293e-06]
test_158,[3.9411778e-05 5.5907229e-03 9.9436569e-01 4.2970210e-06]
test_159,[9.7005943e-07 2.6447178e-04 9.9973458e-01 1.3461058e-08]
test_160,[2.7799722e-05 9.9917501e-01 7.9446047e-04 2.7283313e-06]
test_161,[4.9443218e-01 3.7677449e-03 5.0160313e-01 1.9687573e-04]
test_162,[3.8291176e-07 9.9999225e-01 7.3853480e-06 2.1323745e-08]
test_163,[0.7083442  0.01361446 0.27670673 0.00133462]
test_164,[2.3105912e-07 9.9997973e-01 2.0054311e-05 6.6301302e-09]
test_165,[1.4509561e-06 9.9999046e-01 7.7937393e-06 2.3825038e-07]
test_166,[9.7600365e-01 2.6297869e-04 2.3723381e-02 1.0005348e-05]
test_167,[3.7100956e-06 5.6966641e-03 9.9429882e-01 8.0828733e-07]
test_168,[1.2446565e-05 7.5749401e-03 9.9241054e-01 2.1356566e-06]
test_169,[0.00356524 0.01515666 0.05035255 0.9309256 ]
test_170,[3.2394226e-07 7.3472800e-04 9.9926490e-01 4.5653024e-08]
test_171,[9.9981266e-01 4.8037960e-05 1.3726397e-04 1.9641350e-06]
test_172,[1.4988075e-08 9.9996114e-01 3.8886476e-05 2.6415803e-08]
test_173,[4.4402950e-06 9.9997163e-01 2.3309989e-05 6.3204754e-07]
test_174,[7.4718155e-06 8.8610651e-04 9.9910611e-01 2.0718794e-07]
test_175,[3.2818643e-06 9.9973410e-01 2.6151785e-04 1.1216528e-06]
test_176,[0.4648613  0.51677114 0.01515581 0.0032118 ]
test_177,[8.3191925e-01 1.7346559e-02 1.5052128e-01 2.1291726e-04]
test_178,[2.9964230e-08 9.9999201e-01 7.9340261e-06 8.0732687e-10]
test_179,[0.8424851  0.14454795 0.01077936 0.00218759]
test_180,[2.5744274e-07 9.9998248e-01 1.7166338e-05 5.9755450e-08]
test_181,[9.9908340e-01 3.0128934e-04 5.9859245e-04 1.6711903e-05]
test_182,[4.83520080e-06 9.99893069e-01 1.01887534e-04 1.93937566e-07]
test_183,[2.3467589e-06 7.5118453e-04 9.9924636e-01 8.5329681e-08]
test_184,[0.9813798  0.01013272 0.00708755 0.00139985]
test_185,[8.5793104e-04 9.2549002e-01 7.3566779e-02 8.5319181e-05]
test_186,[1.4641049e-04 9.9983931e-01 1.4127726e-05 1.3926653e-07]
test_187,[5.1985276e-06 9.9994099e-01 5.3176143e-05 6.4239151e-07]
test_188,[4.4284974e-05 1.1196264e-04 9.9984360e-01 5.2276256e-08]
test_189,[8.2036748e-04 9.8850751e-01 1.0609967e-02 6.2245170e-05]
test_190,[1.7845869e-05 9.9969506e-01 2.8693996e-04 1.7416963e-07]
test_191,[3.0621053e-05 1.8195789e-01 8.1799722e-01 1.4263027e-05]
test_192,[1.2424618e-07 2.2682804e-04 9.9977309e-01 5.3727325e-09]
test_193,[1.06190004e-04 7.58303553e-02 9.24014270e-01 4.92092731e-05]
test_194,[9.8807293e-01 8.8509740e-05 1.1832149e-02 6.4434312e-06]
test_195,[1.1461252e-05 1.1955674e-02 9.8802990e-01 2.9460091e-06]
test_196,[1.16679275e-05 5.11378562e-03 9.94872510e-01 2.00407248e-06]
test_197,[8.6954333e-07 1.6639315e-03 9.9833518e-01 7.1961601e-08]
test_198,[0.44573542 0.40020654 0.15293573 0.00112228]
test_199,[1.4647939e-06 9.9166346e-01 8.3330618e-03 2.0253419e-06]
test_200,[8.3971906e-07 9.2897089e-03 9.9070859e-01 8.5344561e-07]
test_201,[7.0197746e-04 5.7873506e-02 9.4110227e-01 3.2228121e-04]
test_202,[4.4939134e-06 9.9754578e-01 2.4492373e-03 4.2439697e-07]
test_203,[2.9253063e-06 4.0631904e-04 9.9959069e-01 6.5969701e-08]
test_204,[9.9969792e-01 2.2244052e-05 2.7621473e-04 3.6493357e-06]
test_205,[5.2616215e-06 4.1994978e-02 9.5799601e-01 3.6792758e-06]
test_206,[6.0274255e-05 2.7537555e-02 9.7239101e-01 1.1141049e-05]
test_207,[7.5555995e-02 9.7916520e-04 9.2345226e-01 1.2538419e-05]
test_208,[1.4866454e-06 9.9857117e-04 9.9899989e-01 8.6686271e-08]
test_209,[1.8305316e-06 9.9919635e-01 8.0156239e-04 2.3559058e-07]
test_210,[9.0605366e-01 3.9589857e-03 8.9943141e-02 4.4162749e-05]
test_211,[2.1837772e-07 9.9954456e-01 4.5494825e-04 1.9601070e-07]
test_212,[5.3837277e-05 5.3825625e-03 9.9456137e-01 2.2597985e-06]
test_213,[1.4831792e-05 4.5214100e-03 9.9546188e-01 1.8252700e-06]
test_214,[8.0444181e-01 1.9499177e-01 5.1539310e-04 5.1083127e-05]
test_215,[5.1427829e-05 1.6298894e-03 9.9831796e-01 7.8499318e-07]
test_216,[3.9444772e-06 4.1433398e-04 9.9958163e-01 7.2873235e-08]
test_217,[6.1941328e-06 2.8850962e-03 9.9710792e-01 8.4468707e-07]
test_218,[1.4718142e-04 1.6595483e-02 9.8323762e-01 1.9673040e-05]
test_219,[1.8766542e-06 6.7105251e-03 9.9328667e-01 9.3787844e-07]
test_220,[4.5339580e-06 9.9769825e-01 2.2961048e-03 1.0139208e-06]
test_221,[2.7942538e-06 4.0082964e-03 9.9598855e-01 3.2057594e-07]
test_222,[3.6136748e-06 4.3407401e-01 5.6590980e-01 1.2478865e-05]
test_223,[0.0039313  0.02902085 0.20909628 0.7579516 ]
test_224,[8.7701692e-06 2.9969360e-03 9.9699283e-01 1.4205614e-06]
test_225,[9.9964523e-01 2.5250667e-04 9.7938610e-05 4.2975321e-06]
test_226,[0.2615415  0.03792668 0.6992984  0.00123346]
test_227,[4.7110694e-07 9.9996316e-01 3.6337904e-05 1.9980510e-08]
test_228,[1.6620533e-06 6.0268486e-01 3.9731193e-01 1.5768333e-06]
test_229,[9.2489624e-01 7.2720699e-02 7.2131690e-04 1.6617976e-03]
test_230,[5.6211151e-02 4.1366159e-03 9.3947268e-01 1.7948462e-04]
test_231,[6.4393508e-01 3.5578519e-01 2.2350604e-04 5.6240689e-05]
test_232,[1.7756888e-06 3.1194209e-05 9.9996698e-01 2.7354312e-09]
test_233,[1.11330706e-07 2.03240896e-03 9.97967422e-01 3.09072270e-08]
test_234,[1.9581921e-05 8.5007921e-03 9.9147767e-01 1.9388044e-06]
test_235,[8.5233760e-06 1.5595976e-03 9.9843138e-01 4.3297575e-07]
test_236,[2.2311897e-04 5.9211429e-04 1.9601767e-04 9.9898869e-01]
test_237,[2.5716528e-05 1.7964806e-02 9.8200202e-01 7.4603281e-06]
test_238,[1.3237617e-04 2.3765129e-01 7.6213098e-01 8.5319130e-05]
test_239,[8.0551961e-03 9.4212424e-03 9.8247278e-01 5.0846695e-05]
test_240,[1.4844856e-03 1.7593896e-01 8.2224053e-01 3.3604229e-04]
test_241,[8.0047256e-01 2.8786270e-03 1.9655684e-01 9.2034577e-05]
test_242,[4.6941059e-05 1.5286933e-02 9.8465109e-01 1.5033915e-05]
test_243,[1.9448383e-07 5.5243634e-04 9.9944729e-01 9.4098755e-09]
test_244,[9.8908979e-01 1.0843112e-02 4.9607603e-05 1.7436041e-05]
test_245,[3.2158787e-05 9.2080307e-01 7.9124786e-02 3.9975490e-05]
test_246,[0.00108384 0.0181085  0.97939634 0.0014114 ]
test_247,[6.7282514e-07 2.0797800e-03 9.9791950e-01 3.8073122e-08]
test_248,[1.6677690e-03 9.9687201e-01 1.4199925e-03 4.0328458e-05]
test_249,[2.2055508e-05 1.5031839e-02 9.8494291e-01 3.2373816e-06]
test_250,[3.9292172e-06 2.9982973e-03 9.9699736e-01 4.0958065e-07]
test_251,[2.1301812e-06 7.3874643e-04 9.9925905e-01 9.2470863e-08]
test_252,[8.4321999e-07 1.3431344e-04 9.9986482e-01 1.1867437e-08]
test_253,[1.7780069e-06 9.9999368e-01 3.5919604e-06 9.7843701e-07]
test_254,[1.0470372e-04 7.2764130e-03 9.9261111e-01 7.7151244e-06]
test_255,[0.00406394 0.4827857  0.51230395 0.00084638]
test_256,[9.9983883e-01 6.2042811e-05 9.5880765e-05 3.2645860e-06]
test_257,[1.8561722e-07 9.9998963e-01 1.0164778e-05 8.1852152e-09]
test_258,[9.5568866e-01 4.3746445e-02 2.6174317e-04 3.0318325e-04]
test_259,[1.2433253e-08 9.9998963e-01 1.0387824e-05 8.9828062e-10]
test_260,[5.5879273e-06 2.1252425e-03 9.9786878e-01 3.5111796e-07]
test_261,[1.1773526e-06 5.3295800e-03 9.9466842e-01 7.8104802e-07]
test_262,[4.3878998e-05 6.2653343e-03 9.9362600e-01 6.4884211e-05]
test_263,[6.2913765e-05 6.9587409e-01 3.0402407e-01 3.8947015e-05]
test_264,[4.65348639e-05 9.99840379e-01 1.12461705e-04 6.45081968e-07]
test_265,[1.2076609e-06 7.5548602e-04 9.9924326e-01 1.1052035e-07]
test_266,[4.9739954e-04 9.4715059e-01 5.2207910e-02 1.4402268e-04]
test_267,[8.143000e-07 6.522006e-04 9.993469e-01 6.376600e-08]
test_268,[1.3946535e-05 2.0558357e-03 9.9792057e-01 9.7412658e-06]
test_269,[1.0196240e-04 9.9989617e-01 1.6240149e-06 2.3668034e-07]
test_270,[8.4017026e-01 1.5960976e-01 1.7664034e-04 4.3314711e-05]
test_271,[4.0121133e-05 9.1631210e-01 8.3625428e-02 2.2367605e-05]
test_272,[0.02051227 0.3154685  0.00444592 0.6595733 ]
test_273,[0.0065867  0.02016023 0.01258154 0.9606714 ]
test_274,[1.3841072e-04 9.3490462e-06 1.6981943e-05 9.9983525e-01]
test_275,[0.01170834 0.01444647 0.5573702  0.41647506]
test_276,[1.0494158e-05 3.3497154e-03 9.9663758e-01 2.1824312e-06]
test_277,[1.4891431e-06 9.9978071e-01 2.1769077e-04 8.0883076e-08]
test_278,[6.8372849e-04 3.6194632e-03 9.9569052e-01 6.2924228e-06]
test_279,[1.8839468e-06 9.9966013e-01 3.3782783e-04 1.3520761e-07]
test_280,[2.7165838e-06 9.9807161e-01 1.9251308e-03 6.1148523e-07]
test_281,[9.9719644e-01 2.7752374e-03 2.3820454e-05 4.5151637e-06]
test_282,[3.2804617e-06 1.7407488e-04 9.9982256e-01 3.0800805e-08]
test_283,[1.1072854e-06 9.2434755e-04 9.9907446e-01 8.2270262e-08]
test_284,[5.5387973e-06 2.0929733e-03 9.9790013e-01 1.2476795e-06]
test_285,[1.3703582e-06 1.4885025e-03 9.9850982e-01 1.9686043e-07]
test_286,[2.3816964e-04 9.9753881e-01 2.2155256e-03 7.4488053e-06]
test_287,[2.8755856e-06 3.5317894e-03 9.9646449e-01 8.0789232e-07]
test_288,[8.8234963e-05 5.4451618e-02 9.4541782e-01 4.2334348e-05]
test_289,[1.3061192e-07 1.3462256e-04 9.9986529e-01 2.7595985e-09]
test_290,[1.9472122e-06 1.9359028e-04 9.9980444e-01 2.8481226e-08]
test_291,[3.2366508e-05 3.5051120e-04 9.9961495e-01 2.0341911e-06]
test_292,[2.5525344e-08 9.9999905e-01 9.2682291e-07 5.9959948e-10]
test_293,[4.2267231e-05 8.7983167e-01 1.2009294e-01 3.3136308e-05]
test_294,[0.13983966 0.79456395 0.06099892 0.00459751]
test_295,[3.0989460e-05 2.6461503e-03 9.9732202e-01 7.6741929e-07]
test_296,[5.1934577e-09 9.9998152e-01 1.8496861e-05 7.3667366e-09]
test_297,[7.0106915e-07 1.8915181e-03 9.9810755e-01 2.3271505e-07]
test_298,[8.6029286e-06 4.1022874e-02 9.5896000e-01 8.5108222e-06]
test_299,[4.2342737e-05 8.1380486e-01 1.8614043e-01 1.2299322e-05]
test_300,[1.0777246e-06 2.2846526e-03 9.9771404e-01 2.4662478e-07]
test_301,[8.532465e-08 9.999919e-01 8.066997e-06 6.213485e-09]
test_302,[7.9122055e-06 7.7204703e-04 9.9921989e-01 2.0321046e-07]
test_303,[4.2188572e-04 9.9853885e-01 9.9665928e-04 4.2564636e-05]
test_304,[8.9095747e-06 3.2639095e-01 6.7359078e-01 9.3261715e-06]
test_305,[2.746565e-01 7.228965e-01 2.119345e-03 3.276480e-04]
test_306,[9.99017715e-01 6.66089880e-04 3.01855907e-04 1.43196785e-05]
test_307,[9.9915528e-01 7.1157323e-05 7.6013530e-04 1.3360097e-05]
test_308,[2.7962049e-06 9.9996483e-01 3.1659642e-05 6.6966601e-07]
test_309,[7.9688536e-05 2.1508753e-02 9.7838622e-01 2.5388235e-05]
test_310,[4.1984844e-05 9.4872826e-01 5.1184602e-02 4.5100289e-05]
test_311,[1.8234437e-02 9.8173952e-01 1.8807486e-05 7.2305270e-06]
test_312,[2.9560190e-04 9.4978917e-01 4.9261432e-02 6.5386150e-04]
test_313,[2.1792666e-05 8.8031488e-03 9.9117118e-01 3.8486523e-06]
test_314,[9.9060726e-01 9.1417860e-03 1.8447700e-04 6.6477674e-05]
test_315,[1.1048155e-05 2.7756260e-03 9.9721247e-01 8.4773427e-07]
test_316,[2.4186427e-06 1.3504324e-03 9.9864703e-01 2.2175786e-07]
test_317,[0.00779375 0.001274   0.00355612 0.9873761 ]
test_318,[6.6579410e-08 9.9998617e-01 1.3786014e-05 3.4261411e-09]
test_319,[1.0447110e-05 7.3290873e-01 2.6707366e-01 7.1380477e-06]
test_320,[1.2094088e-06 9.9997199e-01 2.6803455e-05 2.9924106e-08]
test_321,[1.12877395e-04 9.99089003e-01 7.79761525e-04 1.83322172e-05]
test_322,[3.9984411e-06 9.9829286e-01 1.7021419e-03 9.6346150e-07]
test_323,[2.2841688e-01 7.6772964e-01 3.3325048e-03 5.2091217e-04]
test_324,[8.2656416e-06 9.9975222e-01 2.3865988e-04 8.2329086e-07]
test_325,[6.51303480e-06 1.17629245e-02 9.88227785e-01 2.87537296e-06]
test_326,[1.4912446e-05 9.9419785e-01 5.7821008e-03 5.1184261e-06]
test_327,[1.0866122e-06 9.9976259e-01 2.3596780e-04 3.1130273e-07]
test_328,[9.3753701e-01 5.8968551e-02 3.3064764e-03 1.8791742e-04]
test_329,[5.1232148e-04 1.4731456e-01 8.5197848e-01 1.9469050e-04]
test_330,[4.0478120e-05 3.8670805e-01 6.1321980e-01 3.1631604e-05]
test_331,[7.5583033e-05 7.5629037e-03 9.9235368e-01 7.8245675e-06]
test_332,[5.3024474e-03 2.2071451e-01 7.7340072e-01 5.8235187e-04]
test_333,[1.3650004e-04 4.5971726e-03 9.9526137e-01 5.0551103e-06]
test_334,[7.533814e-07 9.583147e-03 9.904157e-01 4.321036e-07]
test_335,[3.3230359e-07 9.9999762e-01 2.0559669e-06 2.9057488e-09]
test_336,[9.9651718e-01 3.0384925e-03 4.0503361e-04 3.9210398e-05]
test_337,[2.7553607e-03 4.3291229e-04 2.9605043e-03 9.9385118e-01]
test_338,[8.429574e-06 8.641455e-04 9.991271e-01 3.549478e-07]
test_339,[9.9954456e-01 4.5238630e-04 2.2166030e-06 7.6585633e-07]
test_340,[7.6831311e-06 9.9999154e-01 8.2230849e-07 3.3278823e-08]
test_341,[1.0872710e-05 8.1263995e-03 9.9186033e-01 2.3721686e-06]
test_342,[4.0249702e-06 4.0882823e-04 9.9958485e-01 2.2819879e-06]
test_343,[6.1321458e-05 2.1209626e-02 9.7871327e-01 1.5714793e-05]
test_344,[6.6628178e-05 2.3991723e-02 9.7592211e-01 1.9518458e-05]
test_345,[7.2646036e-04 6.6879004e-02 9.3213695e-01 2.5751904e-04]
test_346,[2.2457658e-05 7.5867467e-02 9.2410594e-01 4.0944951e-06]
test_347,[0.00105721 0.00326972 0.994649   0.00102411]
test_348,[2.7748703e-07 9.9985468e-01 1.4475806e-04 1.8803721e-07]
test_349,[8.7602702e-06 6.1110933e-03 9.9387807e-01 2.0931143e-06]
test_350,[5.7361267e-05 1.0996394e-01 8.8994849e-01 3.0152667e-05]
test_351,[5.7603134e-04 9.9767596e-01 1.7275076e-03 2.0579922e-05]
test_352,[3.2993438e-07 9.9985659e-01 1.4288558e-04 7.7987842e-08]
test_353,[5.8551482e-03 8.7976283e-01 1.1380484e-01 5.7727209e-04]
test_354,[4.3328855e-05 3.0527506e-03 9.9690163e-01 2.3006348e-06]
test_355,[9.0424493e-02 9.0797132e-01 1.4034308e-03 2.0077055e-04]
test_356,[1.2757779e-06 9.9998605e-01 1.2555720e-05 6.2631514e-08]
test_357,[1.5865644e-03 4.7080297e-02 9.5106584e-01 2.6731793e-04]
test_358,[4.6360774e-06 1.0350414e-03 9.9896014e-01 1.2430354e-07]
test_359,[6.2585997e-07 1.1235509e-03 9.9887580e-01 4.8326083e-08]
test_360,[2.1703396e-05 4.1988357e-03 9.9577749e-01 1.9382637e-06]
test_361,[5.2755105e-01 4.6846482e-01 3.5715620e-03 4.1258344e-04]
test_362,[9.1476933e-05 2.6279749e-04 2.8115651e-04 9.9936455e-01]
test_363,[1.0349894e-06 9.9867046e-01 1.3281818e-03 3.0426688e-07]
test_364,[7.9087670e-07 1.1890073e-04 9.9988019e-01 5.3951825e-09]
test_365,[4.8681865e-03 9.8960096e-01 5.2742688e-03 2.5659238e-04]
test_366,[0.17096086 0.21037571 0.61072713 0.00793638]
test_367,[9.6499133e-01 1.4300483e-03 3.3422932e-02 1.5571160e-04]
test_368,[1.4226720e-06 6.7459769e-04 9.9932396e-01 7.1278720e-08]
test_369,[5.6962642e-07 5.9982936e-05 9.9993932e-01 5.1156736e-08]
test_370,[2.4698835e-07 6.4758038e-05 9.9993503e-01 2.4420561e-09]
test_371,[2.5791081e-05 9.9992406e-01 4.9558872e-05 5.7650652e-07]
test_372,[1.1411966e-04 7.2133467e-02 9.2770499e-01 4.7424026e-05]
test_373,[2.1811034e-06 4.8295435e-04 9.9951482e-01 6.1674960e-08]
test_374,[1.0473737e-04 3.2056819e-03 9.9668700e-01 2.5328479e-06]
test_375,[2.5308867e-05 3.4745792e-03 9.9649811e-01 1.9828294e-06]
test_376,[6.894374e-05 3.517102e-01 6.481522e-01 6.868805e-05]
test_377,[2.9635994e-05 3.3008371e-02 9.6694952e-01 1.2497219e-05]
test_378,[1.9517107e-05 1.5765438e-03 9.9840301e-01 8.9050809e-07]
test_379,[1.3108245e-06 3.7154998e-04 9.9962711e-01 3.0770948e-08]
test_380,[2.2998777e-04 2.6162355e-03 9.9715155e-01 2.1708020e-06]
test_381,[9.9937165e-07 2.5836031e-03 9.9741518e-01 2.3178177e-07]
test_382,[9.9412273e-07 9.9889070e-01 1.1081249e-03 2.2691103e-07]
test_383,[6.5039253e-06 9.9993050e-01 6.2598338e-05 3.9635930e-07]
test_384,[9.2891711e-01 1.0481847e-03 6.9955751e-02 7.8949619e-05]
test_385,[2.3597950e-04 9.0087891e-01 9.8838046e-02 4.7087819e-05]
test_386,[7.6015667e-06 9.9019390e-01 9.7963773e-03 2.1354595e-06]
test_387,[2.3206819e-07 5.7895873e-03 9.9421000e-01 1.8645034e-07]
test_388,[1.2156812e-03 9.9257880e-01 6.1776428e-03 2.7881277e-05]
test_389,[1.9170880e-06 9.8740093e-05 9.9989712e-01 2.2427823e-06]
test_390,[4.8817463e-05 2.0992218e-03 9.9785089e-01 1.1725607e-06]
test_391,[1.4004043e-02 4.8052099e-02 9.3747777e-01 4.6615617e-04]
test_392,[9.1670587e-04 1.7893028e-03 7.3393914e-03 9.8995459e-01]
test_393,[9.8125458e-01 9.8721858e-04 1.7598117e-02 1.6007216e-04]
test_394,[4.5009969e-07 2.9513421e-05 9.9996996e-01 3.4504104e-08]
test_395,[2.0590532e-04 1.0903252e-02 9.8887318e-01 1.7687160e-05]
test_396,[1.4371239e-04 2.9918462e-02 9.6991259e-01 2.5247300e-05]
test_397,[2.0018733e-06 2.9342417e-03 9.9706346e-01 2.3929107e-07]
test_398,[1.5130387e-01 6.7158388e-03 8.4182894e-01 1.5133596e-04]
test_399,[1.6079801e-04 5.2257841e-03 9.9438298e-01 2.3042962e-04]
test_400,[1.5931411e-04 3.6822143e-04 3.3146358e-04 9.9914098e-01]
test_401,[2.1658158e-01 7.9884948e-03 7.7518660e-01 2.4337314e-04]
test_402,[9.5462632e-01 4.5062698e-02 2.7255161e-04 3.8446844e-05]
test_403,[4.7768826e-05 1.7700823e-01 8.2288706e-01 5.6918074e-05]
test_404,[6.6500703e-05 5.3215973e-02 9.4670367e-01 1.3815363e-05]
test_405,[6.3956913e-04 2.8049676e-03 9.9655223e-01 3.1432110e-06]
test_406,[0.14553809 0.09638608 0.754719   0.00335681]
test_407,[2.6886053e-03 9.9438852e-01 2.8818180e-03 4.1051124e-05]
test_408,[4.5617245e-04 2.1255413e-02 9.7825456e-01 3.3821500e-05]
test_409,[1.3429434e-06 1.2526810e-03 9.9874592e-01 1.1808645e-07]
test_410,[8.0986985e-04 8.4398217e-02 9.1458893e-01 2.0294252e-04]
test_411,[1.1861748e-04 3.6048591e-03 9.9627280e-01 3.6688400e-06]
test_412,[3.5561038e-07 9.9977022e-01 2.2927826e-04 6.0543684e-08]
test_413,[1.4211257e-05 9.9990082e-01 8.3494415e-05 1.3995143e-06]
test_414,[3.1023461e-02 8.0535822e-03 9.6075267e-01 1.7032272e-04]
test_415,[7.2439860e-07 1.0931520e-03 9.9890602e-01 1.2956825e-07]
test_416,[3.9673690e-05 6.7107952e-03 9.9323809e-01 1.1463612e-05]
test_417,[9.9822897e-01 1.6171115e-03 1.2604770e-04 2.7862670e-05]
test_418,[6.5853161e-01 4.8838765e-03 3.3638898e-01 1.9551151e-04]
test_419,[2.7609165e-06 9.9993682e-01 5.8108984e-05 2.3039515e-06]
test_420,[9.9456465e-01 1.9918408e-03 3.3071297e-03 1.3635804e-04]
test_421,[2.7750086e-06 4.8426865e-03 9.9515414e-01 4.0979069e-07]
test_422,[9.6463500e-06 3.7005953e-02 9.6297562e-01 8.7943754e-06]
test_423,[3.8192287e-05 9.9994504e-01 1.6200067e-05 5.8656775e-07]
test_424,[6.5686567e-05 1.1354173e-01 8.8634402e-01 4.8469959e-05]
test_425,[3.5537778e-07 9.9995792e-01 4.1772149e-05 5.5489217e-08]
test_426,[4.4035719e-06 1.4828368e-03 9.9851233e-01 3.7544578e-07]
test_427,[4.0929410e-07 9.9999893e-01 6.6009585e-07 1.3938902e-08]
test_428,[5.2568348e-06 9.9997568e-01 1.8898227e-05 9.5712927e-08]
test_429,[3.3342294e-06 2.1570527e-03 9.9783933e-01 2.9863889e-07]
test_430,[2.0727646e-05 4.6465355e-03 9.9533045e-01 2.2578156e-06]
test_431,[1.5155374e-04 1.0317479e-02 9.8950934e-01 2.1577929e-05]
test_432,[2.2921975e-05 3.6609688e-04 9.9961096e-01 7.9774125e-08]
test_433,[9.1630121e-04 1.9062817e-02 9.7788024e-01 2.1407022e-03]
test_434,[1.9689400e-05 9.9977499e-01 2.0476032e-04 6.4511602e-07]
test_435,[1.321672e-05 3.045687e-03 9.969206e-01 2.055830e-05]
test_436,[3.005888e-06 7.112518e-03 9.928839e-01 6.221757e-07]
test_437,[5.3523804e-06 5.8105780e-04 9.9941349e-01 1.0727279e-07]
test_438,[4.9290554e-07 1.3960086e-04 9.9985981e-01 9.8341289e-08]
test_439,[8.4273654e-07 1.7399032e-03 9.9825913e-01 1.8545192e-07]
test_440,[6.6923673e-07 1.0163942e-03 9.9898273e-01 1.0698447e-07]
test_441,[1.1567008e-07 1.6903233e-03 9.9830949e-01 5.5746149e-08]
test_442,[4.5150260e-05 1.6569741e-02 9.8337573e-01 9.4247935e-06]
test_443,[4.9181440e-06 7.6614547e-04 9.9922645e-01 2.5197685e-06]
test_444,[2.7078779e-06 1.7290032e-03 9.9826789e-01 3.5295281e-07]
test_445,[3.0736061e-04 9.8750554e-04 9.5403806e-04 9.9775118e-01]
test_446,[2.1017039e-04 1.2660848e-02 9.8700202e-01 1.2700312e-04]
test_447,[0.0020552  0.00474949 0.01006823 0.9831271 ]
test_448,[5.6981196e-05 8.4051248e-03 9.9153286e-01 5.0317171e-06]
test_449,[3.0528834e-05 1.8540597e-02 9.8142195e-01 6.9013690e-06]
test_450,[1.01385434e-04 5.54598356e-03 9.94347155e-01 5.55922361e-06]
test_451,[9.5736266e-07 1.7297568e-04 9.9982613e-01 1.3496588e-08]
test_452,[0.00329424 0.01529105 0.6659335  0.31548125]
test_453,[6.5561291e-04 7.0049283e-03 9.9230379e-01 3.5698820e-05]
test_454,[1.9398543e-05 8.6893700e-04 9.9911124e-01 3.5368180e-07]
test_455,[5.3651747e-04 2.1403961e-02 9.7800934e-01 5.0173207e-05]
test_456,[6.5946282e-05 5.6179110e-03 9.9431205e-01 4.1153421e-06]
test_457,[9.9365741e-01 1.3409796e-03 4.9118707e-03 8.9646259e-05]
test_458,[5.0898433e-07 7.9261954e-04 9.9920684e-01 7.6170672e-08]
test_459,[0.14377904 0.1110884  0.7418042  0.00332837]
test_460,[2.7479572e-07 7.2518963e-04 9.9927455e-01 3.3235239e-08]
test_461,[1.9980619e-06 1.0756751e-03 9.9892211e-01 1.9529489e-07]
test_462,[3.3694238e-07 9.9940205e-01 5.9750106e-04 1.0162952e-07]
test_463,[1.7026039e-05 2.6376017e-03 9.9734432e-01 1.1241945e-06]
test_464,[0.9898976  0.00426939 0.00437177 0.00146131]
test_465,[8.3599007e-06 2.1829037e-04 9.9977332e-01 5.8893278e-08]
test_466,[9.6835446e-01 3.0168768e-02 1.7996632e-04 1.2967725e-03]
test_467,[7.2970665e-06 7.2960551e-03 9.9269414e-01 2.4245937e-06]
test_468,[2.0571647e-06 9.9951291e-01 4.8214899e-04 2.8843385e-06]
test_469,[5.7784320e-07 9.8846728e-01 1.1531803e-02 3.7362091e-07]
test_470,[3.8525748e-05 8.9647267e-03 9.9098748e-01 9.3005146e-06]
test_471,[9.8609313e-08 1.0302620e-03 9.9896955e-01 6.4314072e-08]
test_472,[2.76654487e-06 9.87482071e-01 1.25136655e-02 1.58129819e-06]
test_473,[1.5065094e-05 9.7933725e-02 9.0203887e-01 1.2380821e-05]
test_474,[7.0610193e-05 2.0842846e-02 9.7906429e-01 2.2324386e-05]
test_475,[9.9470443e-01 4.8131347e-04 4.7946717e-03 1.9529291e-05]
test_476,[9.3038972e-05 1.8104811e-03 9.9809593e-01 5.2338362e-07]
test_477,[6.5789254e-06 6.0035540e-03 9.9398851e-01 1.2786869e-06]
test_478,[1.2463609e-05 9.3751431e-01 6.2463529e-02 9.7369766e-06]
test_479,[7.7746445e-05 4.7481419e-03 9.9517018e-01 3.9198849e-06]
test_480,[1.6060523e-05 9.9512166e-01 4.8606750e-03 1.5896128e-06]
test_481,[9.3196775e-07 3.4748027e-04 9.9965155e-01 2.7141741e-08]
test_482,[4.9643160e-07 1.8990305e-04 9.9980968e-01 1.2941802e-08]
test_483,[5.1628667e-06 9.9964845e-01 3.4544847e-04 9.5174937e-07]
test_484,[4.0966802e-06 9.9837899e-01 1.6154433e-03 1.4230249e-06]
test_485,[3.819073e-04 1.039721e-03 1.612589e-03 9.969658e-01]
test_486,[0.00302807 0.00194267 0.0190416  0.9759877 ]
test_487,[0.8411545  0.01511139 0.1427214  0.00101269]
test_488,[3.4771758e-05 4.6135220e-03 9.9534971e-01 2.0383648e-06]
test_489,[4.0389300e-06 3.4797753e-03 9.9651563e-01 5.0831591e-07]
test_490,[1.6969418e-04 4.9551371e-03 9.9486923e-01 5.9522231e-06]
test_491,[4.7988175e-05 5.6906939e-03 9.9425757e-01 3.7383829e-06]
test_492,[3.64048105e-06 1.56006245e-02 9.84394014e-01 1.77516313e-06]
test_493,[9.6629950e-04 2.1723278e-02 1.0509427e-02 9.6680093e-01]
test_494,[4.4404223e-07 2.0133113e-03 9.9798584e-01 3.1283091e-07]
test_495,[6.8649609e-07 9.9998701e-01 1.2335472e-05 1.9530006e-08]
test_496,[8.9467858e-06 5.5549474e-04 9.9943537e-01 1.4770025e-07]
test_497,[0.01183033 0.5361756  0.45071787 0.00127615]
test_498,[5.921492e-05 9.762601e-03 9.901731e-01 5.067203e-06]
test_499,[6.9918686e-05 2.2907915e-02 9.7700888e-01 1.3311294e-05]
test_500,[9.8187293e-06 1.0733304e-05 9.4249726e-06 9.9997008e-01]
test_501,[3.7735159e-04 9.1054616e-03 9.9049652e-01 2.0690653e-05]
test_502,[1.3184590e-04 3.9042029e-01 6.0934097e-01 1.0694021e-04]
test_503,[4.2463391e-05 2.3160957e-05 4.0616775e-05 9.9989378e-01]
test_504,[1.3810744e-05 9.9991393e-01 7.1577109e-05 7.6120227e-07]
test_505,[3.812198e-07 9.997638e-01 2.357418e-04 8.998173e-08]
test_506,[9.9365425e-01 6.3294545e-03 9.3486951e-06 6.9098351e-06]
test_507,[5.4311823e-07 1.9573807e-03 9.9804187e-01 9.5487948e-08]
test_508,[1.2359653e-06 1.8151731e-03 9.9818343e-01 1.6757612e-07]
test_509,[4.9094716e-01 6.0468409e-03 5.0279844e-01 2.0754591e-04]
test_510,[3.4114046e-06 3.1491497e-03 9.9684650e-01 8.8839255e-07]
test_511,[6.3678014e-01 3.6240727e-01 6.2696845e-04 1.8559364e-04]
test_512,[2.1976639e-05 1.4487702e-03 9.9852860e-01 5.7923643e-07]
test_513,[3.0529161e-06 2.4663901e-03 9.9753016e-01 4.0800103e-07]
test_514,[4.8655629e-06 9.6545339e-01 3.4539644e-02 2.0399873e-06]
test_515,[0.0113772  0.4342017  0.12856932 0.42585182]
test_516,[2.8039925e-05 1.0391172e-03 9.9893242e-01 4.7133642e-07]
test_517,[3.4529462e-06 9.9976045e-01 2.3555224e-04 5.8828778e-07]
test_518,[1.3750804e-06 1.0042809e-02 9.8995459e-01 1.1768843e-06]
test_519,[6.1229812e-06 9.9998224e-01 1.1499831e-05 1.0203046e-07]
test_520,[1.5814452e-05 2.1444753e-02 9.7853482e-01 4.5446691e-06]
test_521,[8.9902802e-05 2.0330979e-02 9.7956800e-01 1.1142674e-05]
test_522,[0.09181281 0.28471965 0.6183679  0.00509962]
test_523,[6.4282897e-03 3.6979952e-01 6.2349141e-01 2.8081791e-04]
test_524,[1.6445096e-05 9.7667342e-01 2.3299478e-02 1.0594669e-05]
test_525,[2.3192333e-04 3.5967611e-02 9.6371478e-01 8.5638814e-05]
test_526,[6.0446597e-05 1.2520289e-03 9.9856347e-01 1.2409556e-04]
test_527,[3.1308435e-08 9.9999678e-01 3.2058754e-06 4.6065582e-09]
test_528,[5.9457676e-07 8.8032841e-04 9.9911898e-01 5.4412531e-08]
test_529,[5.0058727e-05 3.2011498e-02 9.6791559e-01 2.2876935e-05]
test_530,[5.5301600e-05 6.6524041e-03 9.9328667e-01 5.6559688e-06]
test_531,[2.8270373e-05 5.6079167e-01 4.3912536e-01 5.4683842e-05]
test_532,[5.5845712e-06 8.9707563e-04 9.9909723e-01 1.5691769e-07]
test_533,[4.6299006e-06 2.3858282e-03 9.9760914e-01 3.6072609e-07]
test_534,[1.6182365e-05 1.4326060e-02 9.8565292e-01 4.8620668e-06]
test_535,[1.3637287e-05 3.2534484e-02 9.6744609e-01 5.8034575e-06]
test_536,[2.1480494e-06 3.1009638e-03 9.9689651e-01 3.3918627e-07]
test_537,[3.4622449e-04 5.8017285e-03 9.9384320e-01 8.8766383e-06]
test_538,[4.1356247e-06 9.9994934e-01 4.6112586e-05 3.3969684e-07]
test_539,[1.6287842e-06 9.9994564e-01 5.2470576e-05 1.9782490e-07]
test_540,[4.2740226e-06 3.8898967e-03 9.9610519e-01 7.2325815e-07]
test_541,[1.4250236e-07 5.9834776e-05 9.9994004e-01 1.9620814e-09]
test_542,[6.0268689e-02 1.6324347e-02 9.2310005e-01 3.0682792e-04]
test_543,[0.00396394 0.57409674 0.00097869 0.42096063]
test_544,[3.0145424e-05 3.3530761e-02 9.6641326e-01 2.5839445e-05]
test_545,[9.3211827e-04 4.5095128e-03 3.7736392e-03 9.9078476e-01]
test_546,[2.8459115e-05 9.9793917e-01 2.0248913e-03 7.5534235e-06]
test_547,[0.4246708  0.01601235 0.5581394  0.00117748]
test_548,[7.5803737e-06 9.9991369e-01 7.4870644e-05 3.8389721e-06]
test_549,[1.7539916e-06 2.9995460e-03 9.9699843e-01 3.0668772e-07]
test_550,[1.8713256e-07 9.9998927e-01 1.0577225e-05 9.8286268e-09]
test_551,[1.5427765e-06 6.8214317e-03 9.9317670e-01 3.1922943e-07]
test_552,[4.7849472e-08 9.9997306e-01 2.6920092e-05 3.3527190e-08]
test_553,[6.2965751e-01 1.8621605e-03 3.6837941e-01 1.0093257e-04]
test_554,[5.8976617e-08 9.9991131e-01 8.8660585e-05 8.2444105e-09]
test_555,[9.9912924e-01 6.9206330e-04 1.6351194e-04 1.5162881e-05]
test_556,[1.1021913e-06 4.0548905e-03 9.9594361e-01 3.7763803e-07]
test_557,[1.4376608e-03 3.3094642e-01 6.6735935e-01 2.5659756e-04]
test_558,[8.8237414e-07 6.5188989e-04 9.9934727e-01 4.6130346e-08]
test_559,[3.1795562e-04 1.9308667e-04 6.7877892e-04 9.9881017e-01]
test_560,[6.2172394e-06 2.1828511e-03 9.9781030e-01 6.6590871e-07]
test_561,[6.5011781e-04 1.0059155e-02 9.8206490e-01 7.2257915e-03]
test_562,[5.5381850e-05 6.0453184e-04 9.9933964e-01 4.3650539e-07]
test_563,[1.9702786e-05 3.4807198e-04 9.9961722e-01 1.5040149e-05]
test_564,[8.0163038e-04 9.7610196e-04 9.9798727e-01 2.3500850e-04]
test_565,[6.7267943e-06 9.9997187e-01 2.1343116e-05 7.7703120e-08]
test_566,[2.0595437e-05 2.0532035e-03 9.9792552e-01 6.6498922e-07]
test_567,[9.2408868e-07 9.9929166e-01 7.0699229e-04 3.1903323e-07]
test_568,[1.6411963e-06 6.1767950e-04 9.9938059e-01 6.8765289e-08]
test_569,[5.4778779e-06 1.0858646e-02 9.8913425e-01 1.6463863e-06]
test_570,[3.0682147e-06 4.0765610e-02 9.5922887e-01 2.4859889e-06]
test_571,[2.7635067e-06 7.2333525e-04 9.9927372e-01 1.8970105e-07]
test_572,[0.00500978 0.13132846 0.11663682 0.7470249 ]
test_573,[1.1537233e-05 1.1579479e-02 9.8840535e-01 3.6618055e-06]
test_574,[9.748881e-05 4.010715e-03 9.958897e-01 2.157768e-06]
test_575,[2.8093973e-08 1.1661771e-04 9.9988341e-01 2.5788973e-09]
test_576,[3.1606362e-06 9.9965334e-01 3.4254894e-04 9.4474910e-07]
test_577,[8.2851948e-06 8.2057714e-03 9.9178362e-01 2.3501375e-06]
test_578,[7.0338829e-05 9.1978818e-01 8.0123439e-02 1.8065915e-05]
test_579,[0.00225495 0.00408874 0.2303541  0.7633022 ]
test_580,[1.8026043e-05 9.9989855e-01 8.3179890e-05 1.9288099e-07]
test_581,[1.0954945e-05 3.0656965e-03 9.9692231e-01 1.0085880e-06]
test_582,[1.8157265e-06 9.9321741e-01 6.7794030e-03 1.4477504e-06]
test_583,[0.05520464 0.3028827  0.03465367 0.607259  ]
test_584,[0.5869933  0.38920477 0.02132653 0.00247544]
test_585,[2.3950599e-05 9.9994326e-01 3.2152977e-05 5.5858760e-07]
test_586,[1.6432485e-05 4.3621540e-02 9.5635331e-01 8.7607496e-06]
test_587,[2.6017966e-07 9.8373288e-01 1.6266622e-02 2.5132630e-07]
test_588,[9.5521493e-05 8.3435001e-03 9.9155819e-01 2.8079585e-06]
test_589,[1.0766199e-05 9.9985719e-01 1.3178229e-04 2.7199403e-07]
test_590,[9.4042815e-07 6.1157203e-05 9.9993765e-01 2.5108702e-07]
test_591,[2.8262002e-06 2.5789428e-04 9.9973923e-01 4.7301608e-08]
test_592,[2.1839126e-06 7.7742073e-03 9.9222249e-01 1.1896191e-06]
test_593,[2.9353471e-06 9.9884182e-01 1.1546158e-03 6.0223925e-07]
test_594,[2.8305632e-07 7.9414029e-05 9.9992037e-01 2.9134710e-09]
test_595,[1.1928000e-05 8.8837126e-04 9.9909949e-01 2.2893190e-07]
test_596,[3.0043669e-04 9.9641293e-01 3.2709199e-03 1.5644851e-05]
test_597,[3.1814947e-05 5.2097836e-03 9.9475658e-01 1.8939695e-06]
test_598,[1.0196125e-05 1.2182949e-02 9.8780477e-01 2.0806847e-06]
test_599,[7.2981521e-02 8.8553103e-03 9.1785902e-01 3.0415595e-04]
test_600,[1.1506664e-03 8.2910148e-04 7.1539672e-04 9.9730480e-01]
test_601,[1.9037582e-06 9.9992633e-01 7.1693998e-05 1.2856526e-07]
test_602,[9.1908340e-05 1.4350509e-03 9.9833906e-01 1.3400965e-04]
test_603,[1.8346730e-03 8.6411979e-04 9.9729997e-01 1.2119192e-06]
test_604,[9.5821370e-06 2.6776341e-03 9.9731219e-01 5.7048999e-07]
test_605,[8.7597895e-01 1.1912635e-01 4.3201502e-03 5.7460560e-04]
test_606,[1.0667825e-07 9.9990761e-01 9.2314724e-05 1.6629123e-08]
test_607,[3.1152186e-01 6.8844062e-01 7.6476981e-06 2.9907620e-05]
test_608,[9.0761773e-07 3.6078899e-03 9.9639076e-01 4.3361567e-07]
test_609,[3.4057689e-07 3.1433717e-04 9.9968529e-01 1.7834743e-08]
test_610,[9.9892956e-01 9.5578533e-04 9.8437886e-05 1.6102696e-05]
test_611,[1.0245658e-05 1.8260366e-03 9.9816340e-01 3.4438995e-07]
test_612,[1.2591110e-05 1.1016218e-02 9.8896796e-01 3.2598130e-06]
test_613,[0.7235453  0.24801259 0.02043111 0.008011  ]
test_614,[0.7864331  0.19728412 0.01364976 0.00263312]
test_615,[4.1639763e-05 9.9769598e-01 2.2498707e-03 1.2449957e-05]
test_616,[9.9905926e-01 5.3252923e-05 8.7982585e-04 7.7491004e-06]
test_617,[1.3007676e-04 2.5486888e-02 9.7430348e-01 7.9505917e-05]
test_618,[3.4784225e-05 3.7600558e-02 9.6234870e-01 1.5984508e-05]
test_619,[4.3747816e-05 3.0279582e-04 9.9965334e-01 1.5535564e-07]
test_620,[7.5774176e-07 9.9999332e-01 5.9175836e-06 4.8866852e-08]
test_621,[2.9815843e-07 6.6894820e-05 9.9993277e-01 4.9799596e-09]
test_622,[1.1142533e-05 2.2939308e-02 9.7704220e-01 7.2865469e-06]
test_623,[5.2065290e-05 9.7290715e-03 9.9021131e-01 7.5849143e-06]
test_624,[7.1570301e-01 2.8428885e-01 3.6243277e-06 4.6004061e-06]
test_625,[1.2804632e-07 5.0701976e-05 9.9994922e-01 2.4907745e-09]
test_626,[2.1042817e-04 2.4505518e-02 9.7523457e-01 4.9480954e-05]
test_627,[2.5743275e-06 4.9619125e-03 9.9503458e-01 9.6067970e-07]
test_628,[1.3349533e-05 9.9979442e-01 1.9008096e-04 2.1591352e-06]
test_629,[2.7133467e-06 8.2190454e-05 9.9991488e-01 2.3074446e-07]
test_630,[5.9830322e-06 1.2331601e-02 9.8765963e-01 2.8252223e-06]
test_631,[4.3455253e-07 3.7158371e-03 9.9628347e-01 2.8542496e-07]
test_632,[2.8725022e-03 2.1029660e-03 9.9501872e-01 5.7309676e-06]
test_633,[3.2134914e-05 3.9616060e-03 9.9600464e-01 1.5580555e-06]
test_634,[3.1492508e-03 3.0334536e-03 9.9380636e-01 1.1018212e-05]
test_635,[1.5299268e-04 9.9828821e-01 1.5529279e-03 5.8874984e-06]
test_636,[1.0662795e-03 1.7733303e-01 8.2117653e-01 4.2423440e-04]
test_637,[3.6167162e-06 8.4437616e-04 9.9915099e-01 1.0182074e-06]
test_638,[3.5616674e-03 6.4886481e-02 9.3072265e-01 8.2924264e-04]
test_639,[4.1846473e-05 9.9202663e-01 7.9189446e-03 1.2508135e-05]
test_640,[2.5807662e-07 9.9998319e-01 1.6568780e-05 1.6517651e-08]
test_641,[5.4923799e-03 1.1576137e-02 9.8283631e-01 9.5216696e-05]
test_642,[2.0745918e-05 9.9916506e-01 8.1258843e-04 1.6190385e-06]
test_643,[2.632267e-03 4.592244e-03 9.919612e-01 8.142583e-04]
test_644,[4.9303603e-06 9.9825627e-01 1.7377260e-03 1.0780913e-06]
test_645,[2.4876390e-06 3.3851096e-04 9.9965894e-01 6.3727782e-08]
test_646,[3.2026463e-05 3.4390826e-02 9.6556818e-01 8.9912428e-06]
test_647,[3.0696331e-04 1.1203366e-02 9.8843819e-01 5.1460262e-05]
test_648,[9.2222828e-01 7.6527260e-02 1.0437949e-03 2.0066087e-04]
test_649,[5.7509309e-04 3.2129264e-03 6.8882820e-03 9.8932368e-01]
test_650,[1.3576815e-05 9.9837303e-01 1.6079636e-03 5.3279950e-06]
test_651,[3.7347047e-06 9.9911636e-01 8.7907730e-04 7.8071776e-07]
test_652,[6.1303575e-07 1.5742125e-03 9.9842513e-01 1.2520255e-07]
test_653,[3.0375147e-04 5.3992414e-01 4.5949489e-01 2.7721847e-04]
test_654,[6.569075e-06 1.989324e-03 9.980034e-01 7.315564e-07]
test_655,[9.9459583e-01 7.1509142e-04 4.5523536e-03 1.3681641e-04]
test_656,[2.9652135e-06 9.9084574e-01 9.1496864e-03 1.6684003e-06]
test_657,[1.3402060e-06 9.9581146e-01 4.1865548e-03 7.0976347e-07]
test_658,[1.5571866e-05 9.9951828e-01 4.6490380e-04 1.2742877e-06]
test_659,[1.2318261e-05 1.6637467e-03 9.9832326e-01 6.3287570e-07]
test_660,[1.3605185e-06 2.9244449e-04 9.9970621e-01 5.2995674e-08]
test_661,[1.2928980e-05 9.9984396e-01 1.4175983e-04 1.3142836e-06]
test_662,[3.9598301e-02 9.5973796e-01 5.0820271e-04 1.5545121e-04]
test_663,[4.1687537e-07 1.0424529e-03 9.9895692e-01 9.2283116e-08]
test_664,[5.2954147e-05 9.9543035e-01 4.5083323e-03 8.4452504e-06]
test_665,[4.9636412e-01 1.4291155e-02 4.8888054e-01 4.6420045e-04]
test_666,[1.1019681e-06 3.5661317e-02 9.6433526e-01 2.2939889e-06]
test_667,[2.3119459e-05 9.9405658e-01 5.9168437e-03 3.4554548e-06]
test_668,[1.6247393e-05 9.9988198e-01 1.0136751e-04 3.5606419e-07]
test_669,[9.8529077e-01 1.0151212e-03 1.3554759e-02 1.3929428e-04]
test_670,[1.6772543e-05 9.5423228e-01 4.5734867e-02 1.6196338e-05]
test_671,[3.1097411e-06 9.9997246e-01 2.4351757e-05 6.9377684e-08]
test_672,[9.9066747e-06 2.0056178e-03 9.9795818e-01 2.6346497e-05]
test_673,[6.2668943e-07 6.2748516e-04 9.9937195e-01 4.3803475e-08]
test_674,[2.8195876e-05 9.9990916e-01 6.1722625e-05 9.7277029e-07]
test_675,[4.4121143e-06 6.8265200e-04 9.9931276e-01 1.8600527e-07]
test_676,[6.3459316e-07 1.4144129e-03 9.9858499e-01 7.4355611e-08]
test_677,[2.0185095e-07 6.7293346e-05 9.9993217e-01 2.4938106e-07]
test_678,[9.7715127e-01 2.1769274e-02 9.7106962e-04 1.0849653e-04]
test_679,[1.4398157e-05 4.0499456e-03 9.9593371e-01 1.9557110e-06]
test_680,[2.2585658e-05 9.9965572e-01 2.9553188e-04 2.6197173e-05]
test_681,[5.5843134e-07 9.9997151e-01 2.7905879e-05 2.1576383e-08]
test_682,[1.0011290e-05 9.9990249e-01 8.6631939e-05 7.8238935e-07]
test_683,[2.7706890e-04 9.6691203e-01 3.2645505e-02 1.6543752e-04]
test_684,[2.9452678e-04 3.4052439e-04 1.3317022e-03 9.9803323e-01]
test_685,[7.9436604e-06 4.1386615e-03 9.9585259e-01 8.1894319e-07]
test_686,[7.9005713e-06 1.3302251e-03 9.9866176e-01 1.9638594e-07]
test_687,[1.4842093e-05 9.7832773e-03 9.9019939e-01 2.4307046e-06]
test_688,[9.9788815e-01 1.4626733e-03 6.2616437e-04 2.2941773e-05]
test_689,[2.0470632e-06 1.1179044e-02 9.8881781e-01 1.1388071e-06]
test_690,[9.3664360e-01 6.3231878e-02 9.7025237e-05 2.7539842e-05]
test_691,[3.0373611e-05 9.9743325e-01 2.5306637e-03 5.6597041e-06]
test_692,[1.3391939e-05 7.7559624e-04 9.9921072e-01 3.5247442e-07]
test_693,[1.9203895e-04 7.4314636e-01 2.5656727e-01 9.4293806e-05]
test_694,[5.0469575e-06 1.8363936e-03 9.9815816e-01 4.0315271e-07]
test_695,[3.9042925e-04 3.6791928e-02 9.6271926e-01 9.8437704e-05]
test_696,[2.6588852e-05 2.3976849e-02 9.7598422e-01 1.2317228e-05]
test_697,[4.7457712e-03 5.5176497e-04 7.1746805e-03 9.8752779e-01]
test_698,[9.9100608e-01 8.9527247e-03 1.8032832e-05 2.3046556e-05]
test_699,[9.9966979e-01 3.1763347e-04 3.8220410e-06 8.7858207e-06]
test_700,[9.4814800e-07 1.3198206e-03 9.9867910e-01 7.6806316e-08]
test_701,[3.6019479e-05 9.9994791e-01 1.5845057e-05 2.7881674e-07]
test_702,[4.4915892e-06 9.9678743e-01 3.2064072e-03 1.7001504e-06]
test_703,[2.1853659e-02 9.7628921e-01 1.5931784e-03 2.6394418e-04]
test_704,[1.7238894e-07 9.5268041e-01 4.7319230e-02 2.6719096e-07]
test_705,[9.6696545e-05 5.8518015e-02 9.4135362e-01 3.1676969e-05]
test_706,[5.2845417e-07 1.2467649e-03 9.9875271e-01 8.7030244e-08]
test_707,[1.3337994e-06 1.6385250e-02 9.8361260e-01 8.8870445e-07]
test_708,[7.9496211e-01 2.0365997e-01 1.3572146e-03 2.0644095e-05]
test_709,[4.4902023e-07 4.9795955e-03 9.9501967e-01 2.1314867e-07]
test_710,[6.9930007e-07 9.9994612e-01 5.3065269e-05 1.2455992e-07]
test_711,[2.9305771e-05 7.3983017e-03 9.9256891e-01 3.4027901e-06]
test_712,[1.3102298e-06 3.0556347e-04 9.9969316e-01 2.5540180e-08]
test_713,[5.23115034e-07 9.99984980e-01 1.43705265e-05 1.05667453e-07]
test_714,[3.2178104e-06 9.9991524e-01 8.1340528e-05 2.8255724e-07]
test_715,[6.4374197e-01 3.5356680e-01 2.0689154e-03 6.2234432e-04]
test_716,[4.1516952e-07 9.9997354e-01 2.6030770e-05 2.8047779e-08]
test_717,[2.2134893e-02 5.4356031e-02 9.2326587e-01 2.4325881e-04]
test_718,[1.2115981e-04 8.9066839e-03 9.9008930e-01 8.8281126e-04]
test_719,[8.11709833e-05 9.99801934e-01 1.15954484e-04 9.23649282e-07]
test_720,[2.5250765e-05 9.8342162e-01 1.6527664e-02 2.5409185e-05]
test_721,[2.3263104e-04 1.2926765e-02 9.8680371e-01 3.6834579e-05]
test_722,[1.2230403e-06 9.9995065e-01 4.8134705e-05 4.8559276e-08]
test_723,[1.1306147e-06 8.8735437e-03 9.9112445e-01 8.1818189e-07]
test_724,[1.1703328e-07 8.2883850e-04 9.9917102e-01 3.5309878e-08]
test_725,[9.9989021e-01 1.7885986e-05 8.6284737e-05 5.6527333e-06]
test_726,[9.7597336e-08 1.7880053e-04 9.9982113e-01 6.3662640e-09]
test_727,[9.8779976e-01 1.2046144e-02 1.2402078e-04 3.0093912e-05]
test_728,[2.1141316e-04 2.6494250e-04 1.8106766e-04 9.9934250e-01]
test_729,[1.5177280e-07 1.9901705e-03 9.9800962e-01 5.8809459e-08]
test_730,[9.2823619e-01 6.6212550e-02 5.1605324e-03 3.9078205e-04]
test_731,[8.9143850e-07 9.9999630e-01 2.8139648e-06 3.9764295e-08]
test_732,[5.242127e-06 8.600691e-04 9.991341e-01 6.219978e-07]
test_733,[9.5405447e-01 4.5699906e-02 5.3175772e-05 1.9236677e-04]
test_734,[7.6732658e-07 2.9857983e-03 9.9701321e-01 2.9650298e-07]
test_735,[1.3138843e-04 9.9309441e-04 9.9887484e-01 7.1627414e-07]
test_736,[1.2446874e-05 2.8686926e-03 9.9711800e-01 8.7525382e-07]
test_737,[1.1183138e-05 5.8108810e-02 9.4187152e-01 8.4892199e-06]
test_738,[1.3661688e-05 6.6608912e-01 3.3388874e-01 8.4872745e-06]
test_739,[8.287389e-06 5.582821e-03 9.944078e-01 1.181198e-06]
test_740,[0.4610506 0.0176308 0.5162788 0.0050398]
test_741,[4.9883114e-05 6.1686197e-03 9.9377716e-01 4.3818691e-06]
test_742,[9.8139542e-01 1.8600199e-02 2.9964754e-06 1.3477146e-06]
test_743,[0.64241904 0.2612543  0.08940662 0.00692001]
test_744,[9.7214496e-01 2.6303618e-03 2.4647878e-02 5.7670812e-04]
test_745,[4.1518462e-05 6.0080051e-06 8.5185829e-06 9.9994397e-01]
test_746,[9.87743914e-01 1.20554846e-02 1.15465955e-04 8.50679135e-05]
test_747,[1.00334816e-07 3.92575785e-05 9.99960542e-01 4.83733977e-08]
test_748,[5.3527738e-06 9.9721897e-01 2.7746807e-03 9.0772096e-07]
test_749,[2.0643756e-06 1.0374436e-03 9.9896038e-01 1.5483511e-07]
test_750,[0.00589391 0.22267953 0.50477624 0.26665032]
test_751,[3.1552506e-07 1.0082888e-04 9.9989867e-01 1.5585682e-07]
test_752,[2.9721168e-06 5.2199073e-05 9.9994481e-01 1.0652682e-08]
test_753,[8.9985728e-01 1.0008675e-01 3.5124704e-05 2.0942258e-05]
test_754,[2.4957495e-05 2.3209080e-02 9.7675472e-01 1.1285812e-05]
test_755,[9.8328054e-01 9.7738672e-03 6.6044233e-03 3.4121904e-04]
test_756,[7.6675528e-01 2.3260264e-01 3.6070129e-04 2.8137665e-04]
test_757,[3.1641278e-07 9.3645910e-03 9.9063486e-01 1.6445880e-07]
test_758,[7.3645829e-04 9.6498579e-03 2.1596691e-04 9.8939776e-01]
test_759,[1.1370350e-04 7.7802831e-01 2.2179987e-01 5.8069465e-05]
test_760,[1.0438390e-06 9.9977273e-01 2.2507910e-04 1.1740026e-06]
test_761,[0.00221105 0.01390676 0.01449381 0.96938837]
test_762,[7.7833363e-04 2.2975524e-01 7.6928210e-01 1.8438177e-04]
test_763,[9.5409781e-01 4.5583051e-02 1.0550932e-04 2.1365975e-04]
test_764,[1.1745720e-05 1.5576002e-03 9.9843019e-01 4.1035278e-07]
test_765,[8.8109427e-06 9.2846572e-01 7.1512997e-02 1.2469248e-05]
test_766,[8.1470883e-01 5.4472648e-03 1.7905308e-01 7.9078635e-04]
test_767,[4.91797364e-05 1.04611546e-01 8.95314991e-01 2.42842634e-05]
test_768,[3.1252986e-07 9.9998415e-01 1.4586212e-05 9.6627082e-07]
test_769,[1.1136284e-03 9.9871290e-01 1.6684683e-04 6.6815337e-06]
test_770,[7.4725667e-06 2.9659993e-03 9.9702579e-01 7.2631093e-07]
test_771,[0.00459875 0.00422585 0.9883167  0.00285869]
test_772,[5.6233424e-05 4.7613541e-03 9.9517655e-01 5.8384767e-06]
test_773,[9.9742448e-01 2.5421528e-03 2.6307505e-05 7.1212276e-06]
test_774,[3.0488814e-05 4.6775259e-02 9.5317054e-01 2.3755518e-05]
test_775,[6.0805127e-05 9.0839379e-03 9.9085122e-01 4.0534642e-06]
test_776,[3.9579103e-05 1.1800794e-03 9.9877971e-01 6.3732637e-07]
test_777,[6.2421454e-06 5.1314556e-03 9.9486107e-01 1.1612294e-06]
test_778,[2.4472842e-05 6.2354535e-01 3.7638828e-01 4.1902073e-05]
test_779,[1.6433917e-04 3.2869235e-02 9.6691519e-01 5.1249830e-05]
test_780,[1.6880107e-05 2.1928996e-03 9.9778938e-01 8.7130780e-07]
test_781,[2.4393224e-04 1.6524449e-03 9.9764878e-01 4.5488958e-04]
test_782,[6.9146481e-04 1.9990088e-02 9.7929400e-01 2.4394623e-05]
test_783,[1.0522773e-06 7.7079784e-04 9.9922800e-01 7.0695791e-08]
test_784,[7.8226903e-06 4.9574119e-03 9.9503410e-01 6.2739787e-07]
test_785,[2.1517326e-03 3.3489842e-04 9.9750060e-01 1.2740200e-05]
test_786,[8.8673353e-02 9.1129816e-01 1.7777560e-05 1.0743743e-05]
test_787,[1.4425305e-04 1.1614280e-02 9.8823488e-01 6.6728912e-06]
test_788,[1.0862530e-05 9.9997962e-01 8.4404937e-06 1.0815584e-06]
test_789,[9.2818703e-07 7.4985884e-03 9.9250013e-01 4.0678273e-07]
test_790,[1.3996154e-06 1.3414310e-06 4.1523586e-07 9.9999690e-01]
test_791,[1.7496127e-04 7.0967525e-03 9.9271458e-01 1.3754893e-05]
test_792,[9.1020001e-07 9.0461066e-03 9.9095237e-01 5.4914676e-07]
test_793,[0.4830968  0.045941   0.46844396 0.00251823]
test_794,[0.01164372 0.35601154 0.2012138  0.43113095]
test_795,[6.5429367e-06 9.9997878e-01 1.4511266e-05 6.5051019e-08]
test_796,[2.45362683e-03 9.97534156e-01 1.17757745e-05 5.32181957e-07]
test_797,[2.8913570e-07 9.9955100e-01 4.4853298e-04 1.7735060e-07]
test_798,[4.2496115e-04 5.5954918e-02 9.4353676e-01 8.3376952e-05]
test_799,[9.9821413e-01 3.1120511e-04 1.4650446e-03 9.5845489e-06]
test_800,[3.8394717e-07 2.2702273e-04 9.9977261e-01 1.3397993e-08]
test_801,[6.3092443e-06 1.2716602e-03 9.9872178e-01 2.0651005e-07]
test_802,[8.1857655e-04 1.9544253e-01 8.0308264e-01 6.5623911e-04]
test_803,[6.156249e-06 4.778780e-04 9.995159e-01 6.970019e-08]
test_804,[6.0292274e-05 4.7459742e-03 9.9519086e-01 2.8625063e-06]
test_805,[4.9702922e-04 8.8022947e-01 1.1919554e-01 7.7982368e-05]
test_806,[4.3860809e-06 9.9993873e-01 5.6796838e-05 1.5455694e-07]
test_807,[3.5148632e-06 1.6465690e-03 9.9834955e-01 2.9329647e-07]
test_808,[8.7592548e-07 7.3988276e-04 9.9925917e-01 1.1598711e-07]
test_809,[5.3078625e-06 9.9757963e-01 2.4141462e-03 9.6371389e-07]
test_810,[5.6057717e-05 2.1841241e-02 9.7808367e-01 1.9047611e-05]
test_811,[3.5124107e-03 3.1209728e-03 2.0025311e-04 9.9316639e-01]
test_812,[7.8348172e-08 6.1462510e-05 9.9993837e-01 5.3776020e-08]
test_813,[2.3716467e-07 2.0999147e-05 9.9997878e-01 5.6917504e-10]
test_814,[0.7385505  0.22942716 0.02991077 0.00211152]
test_815,[7.6197318e-07 7.4238228e-03 9.9257493e-01 5.5089424e-07]
test_816,[2.6574355e-01 3.2968137e-02 7.0073658e-01 5.5175630e-04]
test_817,[1.2168907e-05 1.6423678e-03 9.9834490e-01 5.5392445e-07]
test_818,[4.3622850e-07 4.9337518e-04 9.9950612e-01 1.7103973e-08]
test_819,[1.0240834e-06 4.0974086e-03 9.9590117e-01 3.4980926e-07]
test_820,[2.1487327e-07 1.7271408e-04 9.9982709e-01 4.8966742e-09]
test_821,[0.00417239 0.18848366 0.80600864 0.00133527]
test_822,[8.8261328e-07 3.3039897e-04 9.9966872e-01 4.3345754e-08]
test_823,[3.1652726e-06 9.9982029e-01 1.7633029e-04 2.7859829e-07]
test_824,[3.0485349e-05 4.7305813e-03 9.9519038e-01 4.8529506e-05]
test_825,[3.3575721e-05 3.0829185e-03 9.9684530e-01 3.8146842e-05]
test_826,[3.3523370e-06 2.2223464e-03 9.9777395e-01 3.5638692e-07]
test_827,[4.1265880e-06 5.7049404e-04 9.9942434e-01 9.8564715e-07]
test_828,[9.9158841e-01 1.7186303e-03 6.4978623e-03 1.9510128e-04]
test_829,[1.8374043e-05 9.9649090e-01 3.4863374e-03 4.3611230e-06]
test_830,[1.5857926e-05 1.3335636e-04 9.9984896e-01 1.7533725e-06]
test_831,[8.6243629e-01 1.3668056e-01 8.1800617e-04 6.5213062e-05]
test_832,[1.6902482e-06 9.9997318e-01 2.4993986e-05 7.1653098e-08]
test_833,[2.2916655e-08 4.8415497e-04 9.9951589e-01 7.5114563e-09]
test_834,[2.9005399e-05 1.6502399e-03 9.9831057e-01 1.0136501e-05]
test_835,[0.01001646 0.04089166 0.13008846 0.8190034 ]
test_836,[1.9419346e-04 1.9508754e-01 8.0459148e-01 1.2678260e-04]
test_837,[3.0106370e-05 6.2187559e-05 4.4191183e-06 9.9990320e-01]
test_838,[9.9788022e-01 1.6525690e-03 4.4741548e-04 1.9885616e-05]
test_839,[9.9959022e-01 3.8249674e-04 1.9137700e-05 8.0627342e-06]
test_840,[1.4939228e-05 2.9672363e-03 9.9701643e-01 1.4258449e-06]
test_841,[2.1692901e-04 6.3294643e-01 3.6673525e-01 1.0142059e-04]
test_842,[4.3342130e-05 6.2247150e-04 9.9933392e-01 2.4216996e-07]
test_843,[3.9136274e-05 4.6876343e-03 9.9527103e-01 2.1658775e-06]
test_844,[6.1880869e-06 3.8560859e-03 9.9613649e-01 1.2428404e-06]
test_845,[1.2721501e-04 8.7133482e-02 9.1264045e-01 9.8803124e-05]
test_846,[2.4162264e-07 9.9986732e-01 1.3244864e-04 5.2187833e-08]
test_847,[1.2978124e-05 8.7494180e-03 9.9123573e-01 1.8776560e-06]
test_848,[2.0544914e-05 4.6805231e-04 9.9951005e-01 1.3435312e-06]
test_849,[4.0980990e-06 2.8734554e-03 9.9712211e-01 3.4984984e-07]
test_850,[1.2439716e-06 3.8389701e-03 9.9615920e-01 6.4254573e-07]
test_851,[6.8708971e-08 9.9999547e-01 4.4135245e-06 1.6132972e-08]
test_852,[1.5899767e-04 2.6526694e-05 1.4608046e-04 9.9966836e-01]
test_853,[4.0048584e-05 4.9363549e-05 9.0373869e-05 9.9982029e-01]
test_854,[1.7161079e-06 9.8811686e-01 1.1880386e-02 1.0637392e-06]
test_855,[3.6184696e-07 9.9999726e-01 2.2684926e-06 1.6579347e-07]
test_856,[9.9894896e-05 1.6988021e-01 8.2996219e-01 5.7682450e-05]
test_857,[1.0409274e-06 9.9182421e-01 8.1735523e-03 1.1532966e-06]
test_858,[1.7071294e-05 9.9580598e-01 4.1730632e-03 3.9558308e-06]
test_859,[8.84276807e-01 1.15671635e-01 3.81339596e-05 1.33441408e-05]
test_860,[7.1561062e-01 2.8432482e-01 1.2626109e-05 5.1903782e-05]
test_861,[1.9728646e-04 3.5422453e-01 6.4547455e-01 1.0360890e-04]
test_862,[7.1463869e-06 2.4365718e-03 9.9755585e-01 4.3733112e-07]
test_863,[8.5474336e-01 1.0059131e-03 1.4408885e-01 1.6191122e-04]
test_864,[9.9729675e-01 1.6275623e-03 8.1991433e-04 2.5573024e-04]
test_865,[0.33803615 0.3748003  0.2792838  0.0078798 ]
test_866,[0.36847445 0.611123   0.01758059 0.00282195]
test_867,[0.00699905 0.0024309  0.01708751 0.97348255]
test_868,[2.8266011e-05 1.1767048e-03 9.9879408e-01 9.4212578e-07]
test_869,[1.48647382e-06 1.37074196e-04 9.99861479e-01 1.47672985e-08]
test_870,[1.4332015e-04 7.6833107e-02 9.2295796e-01 6.5603548e-05]
test_871,[7.7069373e-08 3.8011742e-04 9.9961972e-01 1.2125841e-08]
test_872,[0.3997927  0.58868617 0.01046837 0.00105275]
test_873,[9.8026937e-01 1.9696424e-02 2.7406690e-05 6.7831720e-06]
test_874,[9.9754375e-01 2.1485590e-04 2.2204698e-03 2.0893305e-05]
test_875,[9.3195536e-05 9.4590476e-04 7.3486342e-05 9.9888736e-01]
test_876,[1.97686995e-06 9.84923959e-01 1.50725115e-02 1.53936037e-06]
test_877,[2.3263697e-06 8.6045170e-01 1.3954213e-01 3.9043498e-06]
test_878,[3.2530063e-06 9.9982363e-01 1.7288569e-04 2.5211409e-07]
test_879,[0.00915381 0.11455721 0.7916956  0.08459333]
test_880,[1.2507457e-03 1.2326112e-01 8.7489462e-01 5.9348380e-04]
test_881,[9.6283166e-04 3.2097097e-02 9.6675360e-01 1.8639317e-04]
test_882,[1.1491658e-06 2.8476475e-03 9.9715096e-01 1.7652043e-07]
test_883,[2.3936924e-08 9.9999833e-01 1.6647867e-06 7.3139654e-09]
test_884,[0.07301013 0.9174109  0.00645507 0.00312384]
test_885,[0.01188488 0.18777563 0.450432   0.34990752]
test_886,[6.6162593e-06 9.9998391e-01 9.4744437e-06 4.7838583e-08]
test_887,[1.3932265e-05 9.8690111e-04 9.9899894e-01 2.8527697e-07]
test_888,[4.15673312e-05 9.81795013e-01 1.81492269e-02 1.41946075e-05]
test_889,[8.138483e-07 2.952667e-03 9.970462e-01 3.321948e-07]
test_890,[3.9280542e-07 9.9991119e-01 8.8345165e-05 1.0439682e-07]
test_891,[6.8350664e-06 1.6619377e-03 9.9833030e-01 1.0104691e-06]
test_892,[9.8959494e-01 7.7774702e-04 9.4744787e-03 1.5285338e-04]
test_893,[9.4029674e-05 9.9856853e-01 1.2609661e-03 7.6475553e-05]
test_894,[1.1089847e-06 8.3874061e-04 9.9916017e-01 6.9554417e-08]
test_895,[1.8637041e-02 9.8063469e-01 6.9759157e-04 3.0575822e-05]
test_896,[2.8121356e-06 9.9881554e-01 1.1814635e-03 2.1030921e-07]
test_897,[7.1516870e-06 9.9998415e-01 8.5939164e-06 1.2419966e-07]
test_898,[1.9105902e-04 2.7677255e-02 9.7208065e-01 5.0957795e-05]
test_899,[5.9967411e-01 1.0569232e-03 3.9923245e-01 3.6500744e-05]
test_900,[2.674530e-06 6.573561e-03 9.934229e-01 8.323750e-07]
test_901,[9.9975437e-01 1.8137798e-05 2.2677644e-04 6.9761415e-07]
test_902,[1.5184267e-04 5.9560645e-01 4.0414172e-01 9.9989302e-05]
test_903,[8.3063687e-06 4.5988099e-03 9.9539125e-01 1.6274616e-06]
test_904,[4.0464497e-06 1.6579034e-02 9.8341322e-01 3.7175719e-06]
test_905,[4.3461202e-07 9.8592183e-04 9.9901354e-01 4.8171874e-08]
test_906,[4.7784192e-06 1.9409960e-02 9.8058265e-01 2.6422983e-06]
test_907,[7.4367440e-06 9.9996173e-01 3.0215078e-05 5.8177517e-07]
test_908,[3.0643212e-05 2.0281626e-03 9.9793965e-01 1.4413989e-06]
test_909,[6.4467389e-07 1.9560358e-03 9.9804318e-01 1.8777781e-07]
test_910,[1.4256818e-04 1.6036620e-03 9.9825233e-01 1.4724593e-06]
test_911,[9.7364582e-06 9.8049045e-03 9.9018329e-01 2.1862231e-06]
test_912,[1.3814632e-04 7.2343851e-04 9.9913764e-01 7.5583529e-07]
test_913,[1.0754840e-04 1.0499009e-02 9.8938584e-01 7.5244347e-06]
test_914,[2.5074967e-04 1.3242461e-01 8.6720443e-01 1.2021719e-04]
test_915,[1.4979043e-06 2.7310727e-03 9.9726689e-01 4.8725002e-07]
test_916,[5.0235342e-04 5.9316657e-02 9.4008428e-01 9.6643358e-05]
test_917,[2.6057724e-05 4.5156517e-04 9.9949980e-01 2.2498214e-05]
test_918,[9.6901886e-06 7.8979088e-03 9.9208987e-01 2.5150534e-06]
test_919,[2.4530527e-07 9.9998951e-01 1.0180543e-05 1.0851226e-07]
test_920,[4.2994045e-05 8.4558028e-01 1.5435147e-01 2.5207060e-05]
test_921,[2.7523562e-04 9.8993886e-01 9.7171506e-03 6.8843765e-05]
test_922,[9.8678929e-01 5.3698353e-05 1.3153734e-02 3.2192472e-06]
test_923,[3.3849469e-04 2.8974641e-02 9.7063720e-01 4.9704911e-05]
test_924,[2.2133534e-07 5.8427882e-05 9.9994135e-01 1.7887174e-09]
test_925,[3.4410450e-06 9.9979824e-01 1.9708788e-04 1.2603390e-06]
test_926,[4.7984572e-06 2.6766033e-04 9.9972457e-01 3.0142457e-06]
test_927,[3.5965606e-04 5.8599077e-03 9.9371922e-01 6.1275117e-05]
test_928,[7.2984322e-04 1.3912919e-03 3.3756846e-03 9.9450314e-01]
test_929,[1.8987770e-04 2.6244149e-02 9.7352839e-01 3.7575977e-05]
test_930,[2.0177584e-04 9.9675035e-01 2.9710678e-03 7.6708115e-05]
test_931,[1.3775196e-05 8.3403714e-04 9.9915183e-01 2.8124643e-07]
test_932,[2.6276689e-06 1.0101917e-03 9.9898714e-01 8.4978538e-08]
test_933,[3.7766967e-04 3.2719842e-04 4.2003350e-05 9.9925309e-01]
test_934,[3.6715839e-05 1.9745294e-03 4.7480012e-04 9.9751389e-01]
test_935,[2.2164252e-06 9.9998879e-01 8.8653633e-06 8.0080262e-08]
test_936,[4.3627762e-07 1.7410604e-03 9.9825829e-01 1.6778283e-07]
test_937,[0.01267783 0.30048585 0.03407801 0.65275836]
test_938,[2.0624707e-06 9.3577839e-03 9.9063921e-01 1.0366314e-06]
test_939,[1.9500467e-05 1.1758940e-04 1.3089483e-05 9.9984980e-01]
test_940,[0.00253492 0.00552363 0.02131199 0.97062945]
test_941,[7.1936368e-04 3.4084026e-02 9.6514434e-01 5.2296480e-05]
test_942,[3.4075863e-06 1.4020624e-03 9.9859411e-01 3.2850994e-07]
test_943,[7.8417115e-06 9.9523300e-01 4.7582695e-03 8.5899637e-07]
test_944,[1.8470970e-06 1.6184794e-03 9.9837947e-01 1.8624441e-07]
test_945,[1.6542639e-06 7.4615347e-04 9.9925202e-01 1.2233477e-07]
test_946,[5.8142800e-06 9.9781966e-01 2.1726587e-03 1.8635056e-06]
test_947,[1.7105573e-07 3.8458756e-04 9.9961519e-01 1.8694298e-08]
test_948,[4.6563696e-06 9.9780005e-01 2.1931157e-03 2.1257954e-06]
test_949,[6.5586100e-06 2.3748742e-03 9.9761730e-01 1.2650862e-06]
