test_0,[4.130783e-07 9.999181e-01 8.152714e-05 4.897942e-09]
test_1,[2.7243119e-05 1.5517719e-03 9.9842024e-01 7.9291937e-07]
test_2,[7.0191696e-08 9.9998713e-01 1.2849843e-05 5.0006255e-10]
test_3,[6.4431632e-10 9.9999905e-01 9.4483698e-07 2.4044102e-12]
test_4,[1.6866602e-07 4.4521844e-06 9.9999547e-01 7.5025536e-10]
test_5,[1.2732530e-06 1.5972387e-02 9.8402607e-01 2.5790601e-07]
test_6,[7.0596795e-10 1.0000000e+00 6.9577673e-09 3.9825139e-13]
test_7,[9.9998212e-01 1.7756520e-05 6.9829056e-08 2.5874753e-08]
test_8,[1.4362567e-10 3.3964906e-10 1.9361611e-08 1.0000000e+00]
test_9,[2.1548818e-04 1.0204538e-03 9.9875200e-01 1.2007863e-05]
test_10,[3.7319296e-06 9.9999392e-01 2.3573018e-06 1.1168568e-09]
test_11,[6.2345542e-08 4.6961919e-05 9.9995291e-01 7.1233375e-10]
test_12,[6.8393645e-05 9.8373276e-01 1.6198143e-02 7.5036172e-07]
test_13,[1.13118395e-08 3.55390692e-03 9.96446073e-01 1.01259268e-09]
test_14,[1.3093283e-07 9.9999988e-01 1.8272512e-09 3.0265627e-11]
test_15,[1.0000000e+00 2.8759850e-10 1.2522179e-19 6.6304270e-17]
test_16,[1.5813679e-05 1.4722795e-04 9.9983680e-01 5.4917855e-08]
test_17,[1.9055290e-02 9.0716112e-01 7.2896056e-02 8.8752824e-04]
test_18,[9.9996746e-01 3.4813660e-08 3.2556676e-05 6.5479927e-10]
test_19,[1.2197826e-07 3.2684897e-04 9.9967301e-01 1.0044989e-08]
test_20,[1.1287461e-08 7.8590401e-03 9.9214089e-01 2.1044833e-09]
test_21,[1.5958656e-06 1.9677978e-07 9.9999106e-01 7.1877844e-06]
test_22,[9.9762565e-01 9.3354863e-08 2.3741988e-03 3.7088558e-08]
test_23,[1.6797422e-08 4.5831556e-09 1.0000000e+00 2.8845247e-12]
test_24,[9.9999928e-01 1.2988165e-10 7.6609660e-07 1.2096694e-11]
test_25,[9.9999809e-01 8.7122554e-10 1.9575759e-06 1.2256167e-10]
test_26,[9.9999988e-01 4.0539749e-08 2.2587795e-08 2.2378909e-08]
test_27,[4.388736e-08 9.465857e-08 9.999994e-01 5.090195e-07]
test_28,[1.7863034e-07 9.9998224e-01 1.7624696e-05 4.0745212e-09]
test_29,[9.9999940e-01 5.5928473e-07 4.9095576e-08 1.4604161e-10]
test_30,[7.7669554e-10 9.9999857e-01 1.3829845e-06 2.7012483e-11]
test_31,[2.0996918e-08 1.0000000e+00 2.9853226e-08 1.1918461e-10]
test_32,[6.7871827e-07 1.2472735e-04 9.9987447e-01 1.0316884e-08]
test_33,[3.1895396e-01 6.8104148e-01 1.2444574e-06 3.3040519e-06]
test_34,[3.3849417e-08 1.0369010e-09 4.2868551e-06 9.9999571e-01]
test_35,[1.4886435e-15 1.0000000e+00 3.9292831e-09 9.5417342e-17]
test_36,[1.7616110e-02 9.8237014e-01 9.6298118e-06 4.1486837e-06]
test_37,[4.7004221e-08 3.0956013e-04 9.9969041e-01 4.3762510e-10]
test_38,[2.4921422e-07 1.5004273e-03 9.9849927e-01 1.1765081e-08]
test_39,[1.7197612e-04 9.9770409e-01 2.1237403e-03 2.4027403e-07]
test_40,[8.5190840e-07 7.1796547e-03 9.9281937e-01 1.1500358e-07]
test_41,[3.3178090e-05 9.9996638e-01 4.4347422e-07 1.1623102e-09]
test_42,[7.6208730e-16 4.2146106e-14 1.0000000e+00 2.7221435e-14]
test_43,[9.99661684e-01 2.66451480e-05 1.05808074e-04 2.05833450e-04]
test_44,[1.6380236e-03 6.5721273e-01 3.4079769e-01 3.5150041e-04]
test_45,[6.8689877e-07 1.7211443e-05 9.9998212e-01 2.1778037e-09]
test_46,[1.2729870e-10 1.7156977e-11 6.3704364e-10 1.0000000e+00]
test_47,[3.17412763e-08 1.00000000e+00 2.13978186e-08 1.03743514e-10]
test_48,[2.7048197e-11 3.0370747e-12 3.0053710e-11 1.0000000e+00]
test_49,[4.8832214e-09 1.0000000e+00 7.2301463e-09 2.5098940e-11]
test_50,[9.9998832e-01 1.1713920e-05 2.7962235e-09 4.2296069e-09]
test_51,[3.6943518e-05 5.8286399e-01 4.1707742e-01 2.1663034e-05]
test_52,[1.1258521e-07 9.9999344e-01 6.4518658e-06 1.0049124e-09]
test_53,[3.6053625e-05 9.9996376e-01 1.0202430e-07 1.6681405e-07]
test_54,[9.9998391e-01 7.4341506e-06 8.4610492e-06 1.7203135e-07]
test_55,[6.9894277e-08 9.9997532e-01 2.4650279e-05 3.4694250e-10]
test_56,[6.6705994e-05 1.4183733e-03 9.9851388e-01 1.1342776e-06]
test_57,[9.9999762e-01 1.4774380e-08 2.4071994e-06 6.7345790e-10]
test_58,[2.9612576e-11 5.8443446e-05 9.9994159e-01 6.4181061e-13]
test_59,[8.8001060e-04 7.9624951e-03 9.9114895e-01 8.5513902e-06]
test_60,[6.60966577e-07 1.01037134e-04 9.99898195e-01 3.08011359e-08]
test_61,[5.6136957e-07 9.9900562e-01 9.9387823e-04 1.5757744e-08]
test_62,[9.3852586e-01 5.0627877e-05 6.1422665e-02 8.3991819e-07]
test_63,[0.01130453 0.33728483 0.6428473  0.00856328]
test_64,[6.3522721e-14 6.1029462e-14 1.0000000e+00 2.0044958e-15]
test_65,[7.2466754e-08 6.8297735e-03 9.9317014e-01 2.2318849e-08]
test_66,[1.10288536e-04 8.57183516e-01 1.42701462e-01 4.66773554e-06]
test_67,[3.0699573e-06 9.9999690e-01 1.4297806e-09 2.4922181e-10]
test_68,[1.9080082e-10 1.5057654e-05 9.9998498e-01 1.5170634e-12]
test_69,[6.1381206e-10 1.0000000e+00 3.5800696e-09 1.0302229e-12]
test_70,[1.3471349e-10 1.0000000e+00 2.0909412e-10 1.3869929e-13]
test_71,[2.1475812e-07 2.9644864e-03 9.9703526e-01 2.2917058e-08]
test_72,[3.9031118e-12 3.4156128e-12 3.9162366e-08 1.0000000e+00]
test_73,[2.1076417e-08 3.0330846e-03 9.9696690e-01 1.7301631e-09]
test_74,[1.0000000e+00 2.8796911e-13 3.8274400e-10 4.0061294e-14]
test_75,[6.5472224e-03 6.2564828e-02 9.3086046e-01 2.7545584e-05]
test_76,[5.6341714e-09 3.6050530e-08 9.9999952e-01 4.2851400e-07]
test_77,[2.8497420e-08 1.1906107e-03 9.9880946e-01 1.1917204e-09]
test_78,[6.3948251e-02 8.5699743e-01 7.8689247e-02 3.6506334e-04]
test_79,[9.9990118e-01 6.5618660e-05 2.8672026e-05 4.5192619e-06]
test_80,[1.4335654e-06 1.0618684e-06 9.9997056e-01 2.6926624e-05]
test_81,[9.9868280e-01 1.2501506e-03 9.3368017e-06 5.7704478e-05]
test_82,[6.3494139e-05 9.9628407e-01 3.6517244e-03 6.6228790e-07]
test_83,[2.5564806e-10 9.9999988e-01 1.2833377e-07 1.4801235e-12]
test_84,[1.6906537e-04 9.3472260e-01 6.5085411e-02 2.2906164e-05]
test_85,[2.6301101e-09 9.9997211e-01 2.7860531e-05 1.9483533e-09]
test_86,[1.0000000e+00 1.6477674e-09 4.1631620e-12 1.0060700e-12]
test_87,[7.4187014e-06 1.2885398e-03 9.9870360e-01 4.2240725e-07]
test_88,[1.2898403e-09 3.0924159e-06 9.9999690e-01 5.4012407e-12]
test_89,[5.5119581e-06 3.6017181e-04 9.9963427e-01 8.3290480e-08]
test_90,[2.2234254e-12 7.3054410e-14 1.0000000e+00 1.6065403e-15]
test_91,[2.9524554e-06 9.9999475e-01 2.2821073e-06 2.6796791e-08]
test_92,[1.6359754e-05 4.2461632e-03 9.9573660e-01 8.3116396e-07]
test_93,[4.2362702e-12 1.0000000e+00 5.6770335e-12 5.0383794e-15]
test_94,[2.490279e-06 2.440064e-04 9.997534e-01 5.401059e-08]
test_95,[1.26372342e-05 1.44545704e-01 8.55430901e-01 1.07559335e-05]
test_96,[1.5346278e-06 5.6022078e-01 4.3977746e-01 1.6718649e-07]
test_97,[7.6205431e-11 8.0137832e-12 1.7707096e-08 1.0000000e+00]
test_98,[2.1271206e-05 9.7289406e-02 9.0268546e-01 3.8628291e-06]
test_99,[9.9996829e-01 3.1694977e-05 1.5628071e-09 3.8061089e-08]
test_100,[1.0000000e+00 1.4993853e-09 3.2399740e-12 1.8092146e-09]
test_101,[2.7379874e-06 1.2919374e-07 9.9999344e-01 3.6721151e-06]
test_102,[2.9113178e-06 9.9999392e-01 3.1210595e-06 4.9316675e-09]
test_103,[9.8367900e-09 9.0376692e-05 9.9990964e-01 1.1698835e-10]
test_104,[1.0000000e+00 3.3844449e-09 4.7063319e-14 1.3985745e-14]
test_105,[1.9089342e-04 9.9980909e-01 7.3925699e-10 6.3427197e-10]
test_106,[1.0000000e+00 2.0953586e-12 3.6060822e-14 3.4513623e-16]
test_107,[6.1855636e-09 3.2762229e-02 9.6723771e-01 1.5457818e-09]
test_108,[8.1841154e-06 3.1385669e-05 9.9996042e-01 1.6232441e-08]
test_109,[5.2951631e-08 3.6537026e-06 9.9999630e-01 1.2116892e-10]
test_110,[1.3968589e-11 6.3990916e-07 9.9999940e-01 1.4144721e-13]
test_111,[9.9913174e-01 8.6756691e-04 1.4590897e-07 5.8896279e-07]
test_112,[5.1338202e-06 9.9993920e-01 5.5558692e-05 1.5327177e-07]
test_113,[3.1134012e-10 9.9999964e-01 3.0707574e-07 1.0440346e-11]
test_114,[6.4359064e-04 9.9918836e-01 1.6746424e-04 5.4824147e-07]
test_115,[1.5588521e-05 5.7709200e-04 9.9940670e-01 6.3071042e-07]
test_116,[8.8483042e-01 1.9957880e-04 1.1429627e-01 6.7376287e-04]
test_117,[6.1582010e-11 4.4822873e-06 9.9999547e-01 3.6659792e-13]
test_118,[6.776235e-10 2.541949e-06 9.999975e-01 8.733921e-12]
test_119,[1.0000000e+00 1.3670716e-09 2.9286250e-12 4.2020589e-13]
test_120,[3.8406878e-11 9.9999976e-01 2.1234098e-07 5.5054312e-13]
test_121,[5.4220502e-05 1.1061718e-06 9.9994469e-01 2.7362261e-09]
test_122,[3.4152999e-04 9.2839122e-01 7.1243919e-02 2.3306264e-05]
test_123,[1.0000000e+00 1.1026327e-10 4.9558063e-10 1.1851462e-12]
test_124,[1.3558760e-10 1.3268725e-07 9.9999988e-01 2.0868221e-13]
test_125,[4.6044732e-09 1.0000000e+00 3.5801804e-08 1.1616250e-12]
test_126,[1.8691795e-05 9.9998128e-01 2.5696986e-08 1.1431933e-08]
test_127,[1.2964409e-11 1.0000000e+00 4.6992167e-11 1.3025852e-15]
test_128,[1.0998631e-06 9.2258978e-01 7.7408887e-02 1.7202274e-07]
test_129,[9.8723686e-01 9.5386747e-03 3.0956529e-03 1.2880022e-04]
test_130,[9.9998045e-01 1.9575742e-05 1.6462234e-10 2.1757571e-09]
test_131,[1.39865472e-06 5.23695871e-02 9.47628975e-01 1.15737606e-07]
test_132,[1.0546778e-08 3.0666371e-03 9.9693334e-01 5.1063248e-10]
test_133,[5.3432448e-08 9.9999869e-01 1.3095334e-06 8.4305651e-10]
test_134,[3.4068730e-06 5.2252249e-04 9.9947399e-01 1.0737134e-08]
test_135,[4.6930320e-04 9.9953067e-01 2.9037907e-11 2.3111714e-12]
test_136,[1.9400382e-07 7.8414020e-04 9.9921548e-01 5.9344700e-08]
test_137,[4.0538821e-04 8.5525808e-06 9.9958593e-01 1.5507102e-07]
test_138,[9.9987495e-01 1.8928375e-05 1.0601692e-04 1.0847314e-07]
test_139,[9.9997687e-01 2.2481236e-05 2.0224300e-11 6.0420609e-07]
test_140,[1.3624891e-08 3.2351294e-04 9.9967647e-01 1.8344954e-09]
test_141,[7.5480398e-07 1.4772223e-05 9.9998450e-01 1.0819603e-09]
test_142,[2.7056348e-07 9.9999118e-01 8.4933117e-06 6.8981865e-10]
test_143,[9.9904555e-01 9.5417851e-04 3.9223673e-09 2.3427380e-07]
test_144,[1.4068836e-08 1.0000000e+00 1.0968005e-12 1.0192838e-15]
test_145,[3.4802522e-07 9.5940679e-03 9.9040550e-01 3.2078056e-08]
test_146,[1.8266903e-07 9.9999976e-01 1.0677948e-07 5.6145916e-10]
test_147,[1.0000000e+00 5.3916904e-10 2.8031928e-09 7.6381323e-12]
test_148,[1.4909327e-03 2.2093933e-02 9.7639948e-01 1.5688394e-05]
test_149,[8.6506552e-05 1.3803604e-02 9.8609376e-01 1.6052281e-05]
test_150,[1.7350549e-05 5.2726710e-01 4.7270116e-01 1.4415835e-05]
test_151,[1.7086519e-06 8.6418009e-07 7.7486657e-06 9.9998975e-01]
test_152,[9.9951124e-01 4.8624168e-04 2.4147548e-06 1.0524416e-07]
test_153,[1.2493941e-10 9.2680729e-08 9.9999988e-01 2.4164565e-13]
test_154,[1.0000000e+00 1.0732422e-08 3.9099663e-16 6.0649121e-09]
test_155,[1.8433431e-04 6.2045152e-04 9.9919456e-01 5.8102847e-07]
test_156,[9.9999976e-01 2.6096899e-07 1.3426184e-12 7.6505062e-13]
test_157,[2.8512520e-06 6.8979256e-04 9.9930727e-01 1.1027895e-07]
test_158,[2.8417693e-05 4.0132783e-02 9.5983571e-01 3.1804414e-06]
test_159,[4.7039717e-10 1.7095925e-07 9.9999988e-01 8.3318351e-13]
test_160,[2.8958907e-06 9.8710757e-01 1.2889297e-02 2.4016262e-07]
test_161,[8.3286071e-01 1.2483537e-04 1.6695271e-01 6.1701467e-05]
test_162,[2.8344482e-07 9.9999976e-01 8.4814927e-10 1.9230518e-11]
test_163,[1.0000000e+00 3.3314542e-08 8.8611074e-10 1.3660960e-10]
test_164,[2.0057344e-08 1.0000000e+00 1.6784553e-11 3.3416185e-15]
test_165,[2.9153708e-09 1.0000000e+00 1.4082970e-10 1.3093364e-10]
test_166,[9.9981910e-01 1.2502158e-08 1.8094924e-04 3.3294509e-10]
test_167,[8.9844661e-08 5.6248595e-04 9.9943739e-01 3.6137819e-09]
test_168,[6.7903677e-10 4.0033519e-05 9.9995995e-01 7.1172282e-12]
test_169,[4.3746004e-10 1.2281771e-09 2.1298742e-06 9.9999785e-01]
test_170,[6.8209005e-08 2.6559996e-04 9.9973422e-01 1.9686943e-09]
test_171,[1.0000000e+00 8.3371257e-14 1.2425191e-14 1.9934978e-17]
test_172,[4.7184928e-10 1.0000000e+00 1.8133440e-08 6.8407935e-10]
test_173,[2.3233859e-05 9.9992943e-01 4.6784469e-05 6.3781420e-07]
test_174,[6.4503323e-09 3.7724843e-05 9.9996233e-01 7.4650897e-11]
test_175,[2.5401505e-07 9.9999583e-01 1.5524748e-06 2.3653593e-06]
test_176,[9.9999964e-01 2.6944926e-07 4.0635193e-08 1.0363684e-07]
test_177,[9.9991131e-01 1.8672741e-05 6.9461654e-05 4.5950244e-07]
test_178,[1.9931106e-09 1.0000000e+00 4.2536681e-09 1.5765507e-13]
test_179,[1.0000000e+00 1.8536431e-08 7.4116937e-12 3.3054164e-11]
test_180,[2.1313621e-08 9.9999988e-01 5.1918128e-08 7.5984202e-12]
test_181,[1.0000000e+00 1.8855055e-10 3.7270262e-08 2.1123164e-12]
test_182,[3.0822970e-03 9.9664056e-01 2.6945476e-04 7.7742707e-06]
test_183,[7.3415540e-06 1.9798212e-04 9.9979442e-01 2.5090819e-07]
test_184,[1.0000000e+00 7.8666984e-09 2.2399379e-11 1.1060466e-11]
test_185,[2.5908183e-03 9.7178036e-01 2.5573350e-02 5.5501052e-05]
test_186,[9.8463917e-01 1.5360754e-02 8.5041370e-11 1.8529281e-09]
test_187,[2.8993735e-08 9.9999988e-01 6.4414188e-08 2.6145241e-08]
test_188,[1.3140688e-07 1.3897798e-03 9.9861002e-01 4.5355075e-09]
test_189,[5.1309033e-09 1.0000000e+00 1.0587122e-10 3.6607848e-12]
test_190,[3.3636276e-08 1.0000000e+00 1.4490420e-08 2.3229723e-12]
test_191,[3.8706688e-10 9.9998546e-01 1.4518368e-05 5.4924125e-12]
test_192,[5.8433510e-08 1.1301260e-05 9.9998868e-01 1.7785813e-10]
test_193,[1.7162141e-06 1.9181795e-02 9.8081619e-01 2.4991863e-07]
test_194,[1.0000000e+00 2.4894168e-11 7.4367616e-11 8.3009684e-13]
test_195,[1.9355982e-08 8.4619001e-07 9.9999917e-01 1.0732873e-10]
test_196,[6.2867839e-10 3.1087264e-05 9.9996889e-01 3.1441561e-11]
test_197,[5.1855277e-06 1.4465001e-04 9.9985003e-01 3.7514344e-08]
test_198,[9.9860305e-01 1.3938005e-03 2.9132857e-06 3.1933277e-07]
test_199,[5.7039956e-11 9.9999976e-01 2.8605012e-07 1.1287064e-12]
test_200,[5.6659996e-08 1.2681233e-02 9.8731881e-01 1.0114167e-08]
test_201,[0.00767548 0.10830627 0.86425024 0.01976805]
test_202,[4.6123785e-09 9.9999678e-01 3.2226271e-06 9.4581964e-12]
test_203,[5.4387606e-06 5.3202337e-05 9.9994123e-01 2.6477574e-08]
test_204,[1.0000000e+00 1.2550187e-14 3.1403070e-13 6.0960842e-17]
test_205,[3.9173679e-07 9.8884213e-01 1.1157481e-02 4.0178509e-08]
test_206,[2.3765281e-09 1.7924673e-03 9.9820757e-01 2.4074731e-10]
test_207,[7.4657756e-01 1.1422809e-05 2.5341016e-01 9.0013123e-07]
test_208,[4.5273159e-09 1.3281744e-05 9.9998677e-01 3.2470783e-11]
test_209,[9.8923984e-08 9.9999976e-01 1.0199197e-07 5.0490959e-11]
test_210,[9.9885249e-01 3.3461656e-06 1.1440181e-03 5.9579072e-08]
test_211,[3.2207342e-03 9.9672228e-01 5.4755321e-05 2.2807342e-06]
test_212,[4.3897418e-07 1.0507242e-04 9.9989438e-01 2.5084113e-09]
test_213,[1.2770325e-09 1.6918055e-04 9.9983084e-01 4.4375972e-11]
test_214,[1.000000e+00 9.228469e-09 3.233014e-10 8.973369e-12]
test_215,[4.4997114e-07 1.0109107e-03 9.9898857e-01 3.1195604e-08]
test_216,[3.9676906e-06 5.8226218e-03 9.9417299e-01 4.2260967e-07]
test_217,[2.8580656e-08 2.5588928e-05 9.9997437e-01 3.9966057e-08]
test_218,[2.3515482e-05 1.3725711e-03 9.9860352e-01 2.9369971e-07]
test_219,[1.05929594e-07 3.38814716e-05 9.99966025e-01 7.51827656e-10]
test_220,[4.7863850e-08 9.9999881e-01 1.0884291e-06 3.9643244e-11]
test_221,[9.0430592e-07 9.4038149e-04 9.9905866e-01 6.5165430e-08]
test_222,[1.1028926e-07 9.9975342e-01 2.2184578e-04 2.4717727e-05]
test_223,[6.5292276e-08 1.3930675e-06 1.4569249e-04 9.9985278e-01]
test_224,[2.1418263e-08 5.2679934e-07 9.9999952e-01 8.3069759e-11]
test_225,[1.0000000e+00 2.5254335e-11 1.4186521e-10 3.6362599e-13]
test_226,[9.999988e-01 9.768509e-08 1.099904e-06 4.058959e-09]
test_227,[9.4791223e-12 1.0000000e+00 1.0992342e-08 1.1847253e-13]
test_228,[1.5881326e-09 9.7840595e-01 2.1594077e-02 1.2935181e-10]
test_229,[9.9534589e-01 4.4611730e-03 1.7585752e-04 1.7064482e-05]
test_230,[8.4762354e-07 8.8101049e-04 9.9911815e-01 1.8268812e-08]
test_231,[1.0000000e+00 1.9557041e-10 8.1858928e-13 4.9205980e-14]
test_232,[1.5428655e-07 2.2980414e-05 9.9997687e-01 4.4619819e-09]
test_233,[2.2372531e-11 9.1795591e-06 9.9999082e-01 1.8047862e-13]
test_234,[9.5272463e-07 4.5123003e-02 9.5487607e-01 6.7170355e-08]
test_235,[1.5871755e-07 2.0001030e-06 9.9999785e-01 2.0217678e-10]
test_236,[2.8501104e-11 7.9193513e-11 2.5090112e-09 1.0000000e+00]
test_237,[3.1660427e-10 6.9507660e-06 9.9999309e-01 7.9569788e-12]
test_238,[3.0478956e-05 7.0100635e-02 9.2986655e-01 2.2875049e-06]
test_239,[9.2502460e-06 7.4138060e-02 9.2585129e-01 1.4145346e-06]
test_240,[1.5083655e-03 9.9223423e-01 6.1600320e-03 9.7394492e-05]
test_241,[9.9999821e-01 5.3177307e-09 1.8276572e-06 1.3861727e-10]
test_242,[1.4380361e-04 1.2239672e-02 9.8758465e-01 3.1905853e-05]
test_243,[6.7716024e-07 4.7366193e-05 9.9995196e-01 2.8738414e-09]
test_244,[1.0000000e+00 1.9908157e-09 3.2219485e-12 9.9077890e-12]
test_245,[4.0161194e-06 9.9998784e-01 8.1455464e-06 1.5004206e-08]
test_246,[7.910377e-06 2.785850e-05 9.999622e-01 2.048432e-06]
test_247,[1.29102355e-08 8.99862716e-05 9.99909997e-01 7.88093965e-11]
test_248,[2.1796672e-05 9.9997699e-01 1.1181035e-06 1.7581574e-07]
test_249,[7.9191595e-05 2.6958913e-02 9.7295928e-01 2.5420143e-06]
test_250,[1.3560944e-05 6.1877303e-02 9.3810791e-01 1.2198474e-06]
test_251,[3.0683889e-08 2.0027971e-04 9.9979979e-01 7.0900968e-10]
test_252,[1.2599041e-07 2.5454525e-05 9.9997437e-01 4.6292117e-10]
test_253,[1.1544680e-09 9.9999976e-01 2.3795445e-07 1.1160679e-11]
test_254,[2.1205548e-09 7.2425006e-05 9.9992752e-01 2.0598663e-11]
test_255,[1.2688932e-04 8.5684039e-02 9.1418058e-01 8.4940602e-06]
test_256,[9.9999905e-01 5.3140235e-07 4.8486822e-07 4.3204933e-09]
test_257,[4.5816498e-10 1.0000000e+00 2.1925818e-08 1.0624641e-11]
test_258,[9.9724090e-01 5.8262149e-04 3.8896476e-05 2.1375481e-03]
test_259,[3.8110495e-10 1.0000000e+00 1.3339796e-10 1.6404411e-14]
test_260,[7.4310982e-08 4.0933519e-06 9.9999583e-01 4.4053275e-11]
test_261,[2.5235699e-05 1.2382665e-02 9.8759186e-01 3.3077683e-07]
test_262,[6.7657560e-08 2.7944552e-07 9.9897194e-01 1.0276738e-03]
test_263,[3.7383806e-04 9.9207652e-01 7.5134509e-03 3.6228183e-05]
test_264,[1.1259801e-06 9.9999893e-01 1.8327538e-13 1.5613045e-14]
test_265,[2.4584654e-07 6.0335605e-04 9.9939644e-01 7.4903452e-09]
test_266,[6.3471875e-06 9.9829727e-01 1.6958149e-03 6.3778930e-07]
test_267,[1.1994186e-11 4.0914829e-06 9.9999595e-01 4.5204281e-13]
test_268,[3.2677840e-12 3.7629639e-11 1.0000000e+00 2.3151032e-12]
test_269,[9.7654826e-08 9.9999988e-01 1.8581470e-14 1.4727031e-16]
test_270,[9.9999928e-01 6.6525735e-07 1.2695653e-09 9.5478792e-10]
test_271,[3.6523025e-07 9.8188305e-01 1.8116526e-02 1.0308746e-08]
test_272,[2.1282750e-08 3.5098435e-11 1.9926968e-12 1.0000000e+00]
test_273,[1.0375508e-08 3.5301650e-08 1.6236189e-07 9.9999988e-01]
test_274,[1.8764267e-12 1.0024836e-13 1.6661156e-10 1.0000000e+00]
test_275,[1.3446718e-09 3.9412420e-09 1.4752341e-05 9.9998522e-01]
test_276,[5.61991271e-08 1.15654975e-05 9.99988437e-01 1.49381019e-09]
test_277,[9.2863900e-10 9.9999738e-01 2.5810552e-06 1.7965639e-11]
test_278,[1.26227795e-09 1.04872515e-05 9.99989510e-01 9.96640270e-12]
test_279,[1.0437326e-10 9.9999988e-01 1.3761141e-07 4.8251117e-14]
test_280,[1.59456590e-08 9.99988079e-01 1.19431525e-05 3.50609680e-10]
test_281,[1.0000000e+00 4.9170901e-10 1.9981264e-10 6.1133563e-12]
test_282,[1.7021605e-10 4.8558279e-05 9.9995148e-01 1.5156511e-11]
test_283,[1.0099703e-09 6.0366319e-06 9.9999392e-01 3.0434714e-11]
test_284,[2.0665137e-08 5.0808081e-05 9.9994922e-01 2.0155667e-10]
test_285,[7.0105656e-08 1.1193728e-04 9.9988794e-01 4.0213837e-09]
test_286,[4.1887924e-05 9.9995816e-01 7.1458590e-09 6.0786619e-12]
test_287,[1.3679632e-07 5.5239117e-04 9.9944752e-01 7.6169648e-09]
test_288,[1.745776e-06 8.027768e-04 9.991953e-01 1.242176e-07]
test_289,[3.5106440e-09 4.0604448e-08 1.0000000e+00 1.8598582e-12]
test_290,[2.5722255e-07 2.2240132e-05 9.9997747e-01 8.8552821e-10]
test_291,[1.4329091e-08 5.6637578e-10 1.0000000e+00 4.3988743e-10]
test_292,[1.0768963e-08 1.0000000e+00 3.1797034e-11 7.1039298e-14]
test_293,[1.6464428e-08 9.9964738e-01 3.5265391e-04 1.0883480e-09]
test_294,[9.9999392e-01 5.8941851e-06 1.5513750e-08 2.2185078e-07]
test_295,[3.6307854e-05 2.3198554e-03 9.9764144e-01 2.4083831e-06]
test_296,[1.8529068e-09 1.0000000e+00 7.9613642e-11 2.5653537e-12]
test_297,[3.4273390e-07 1.1023760e-03 9.9889719e-01 1.6387933e-08]
test_298,[5.2179330e-11 1.5533820e-05 9.9998450e-01 1.2637777e-12]
test_299,[2.1045681e-08 9.9347198e-01 6.5280483e-03 3.3630243e-09]
test_300,[6.191807e-10 7.872686e-05 9.999213e-01 5.211475e-12]
test_301,[1.5729089e-06 9.9999833e-01 5.1063630e-08 3.7384221e-10]
test_302,[1.9229683e-06 4.0069111e-03 9.9599093e-01 3.0881699e-07]
test_303,[1.4196388e-06 9.9644321e-01 3.5551442e-03 2.3124541e-07]
test_304,[7.7699999e-11 4.3648921e-02 9.5635110e-01 3.2907511e-12]
test_305,[9.9999964e-01 3.7219792e-07 2.0445491e-11 6.0218197e-10]
test_306,[1.000000e+00 5.820999e-13 7.728356e-13 3.877543e-15]
test_307,[1.0000000e+00 4.4835878e-11 1.0814421e-10 5.9208140e-13]
test_308,[5.4360739e-06 9.9999452e-01 6.5002981e-10 3.9205608e-10]
test_309,[4.3980299e-06 6.7558577e-03 9.9323905e-01 7.1922369e-07]
test_310,[9.362032e-08 9.999988e-01 9.768011e-07 6.379433e-08]
test_311,[2.0974500e-01 7.9025471e-01 9.2991790e-08 1.8527766e-07]
test_312,[5.7164777e-07 9.9995005e-01 4.7264934e-05 2.1777519e-06]
test_313,[7.3300861e-04 4.4371831e-04 9.9882108e-01 2.1870062e-06]
test_314,[1.0000000e+00 3.1631465e-08 6.7673037e-13 4.4969033e-12]
test_315,[5.4290751e-07 1.3054117e-02 9.8694521e-01 1.0582403e-07]
test_316,[3.8578591e-07 4.6575093e-04 9.9953389e-01 2.6739775e-08]
test_317,[2.0215423e-06 9.7903410e-08 3.9891447e-06 9.9999392e-01]
test_318,[1.0287308e-08 1.0000000e+00 2.6834110e-12 3.9484721e-16]
test_319,[1.0325615e-05 4.1141030e-01 5.8857578e-01 3.5745745e-06]
test_320,[1.30403669e-05 9.99969959e-01 1.70338662e-05 1.27166615e-08]
test_321,[1.7075303e-04 9.9961543e-01 2.1278646e-04 8.9940886e-07]
test_322,[9.8990204e-06 9.9998891e-01 1.1518749e-06 4.3465210e-08]
test_323,[9.9998736e-01 1.2660308e-05 1.1799258e-08 5.0068425e-09]
test_324,[1.3095394e-09 1.0000000e+00 1.7276701e-08 4.0125553e-13]
test_325,[4.0972157e-08 5.8021345e-05 9.9994195e-01 3.3893710e-09]
test_326,[5.87252069e-09 1.00000000e+00 9.80391029e-12 1.43131704e-11]
test_327,[9.5698418e-09 1.0000000e+00 1.7676076e-09 1.3562634e-11]
test_328,[2.6291972e-02 9.4166172e-01 3.1240845e-02 8.0541405e-04]
test_329,[1.6558619e-05 9.9866784e-01 1.3154341e-03 1.8460425e-07]
test_330,[2.1379266e-05 9.9926585e-01 7.1256573e-04 2.0930871e-07]
test_331,[7.5928487e-02 6.8785361e-04 9.2336404e-01 1.9641973e-05]
test_332,[1.8897277e-05 2.2590252e-02 9.7738922e-01 1.6547110e-06]
test_333,[1.8297367e-05 1.6638177e-03 9.9831736e-01 5.3993244e-07]
test_334,[1.8512733e-08 6.7760353e-03 9.9322402e-01 5.0527449e-10]
test_335,[1.9860887e-10 9.9999988e-01 7.3264069e-08 9.6869127e-13]
test_336,[9.99999881e-01 1.16421678e-10 1.18612604e-07 4.08804865e-11]
test_337,[1.0199472e-08 9.2276293e-09 1.0236035e-04 9.9989760e-01]
test_338,[2.9308546e-12 1.0078960e-13 1.0000000e+00 2.6934253e-16]
test_339,[1.0000000e+00 3.3818072e-08 1.8785316e-13 2.1055376e-13]
test_340,[5.0258192e-10 1.0000000e+00 1.1927541e-09 1.0190038e-15]
test_341,[6.3023831e-10 9.9506602e-02 9.0049338e-01 2.1810262e-10]
test_342,[6.8259348e-10 6.0299046e-09 1.0000000e+00 2.2860030e-08]
test_343,[8.6177437e-08 1.1469775e-04 9.9988520e-01 1.5736332e-09]
test_344,[1.5642991e-02 2.3232838e-02 9.6022719e-01 8.9701387e-04]
test_345,[9.0591720e-06 2.0782439e-02 9.7920185e-01 6.5853533e-06]
test_346,[2.3155965e-07 1.6874794e-04 9.9983096e-01 9.3588861e-09]
test_347,[3.1240348e-04 1.2629604e-05 9.9278742e-01 6.8875090e-03]
test_348,[6.3614366e-06 9.9999273e-01 2.0507558e-08 8.1225966e-07]
test_349,[2.3691320e-12 2.9044495e-08 1.0000000e+00 1.8569443e-12]
test_350,[4.8143946e-05 5.6188214e-01 4.3803367e-01 3.6063480e-05]
test_351,[2.1120619e-02 9.7887939e-01 1.9234886e-08 3.1654690e-09]
test_352,[1.0631458e-10 1.0000000e+00 8.7605665e-09 9.8483981e-13]
test_353,[1.9971167e-03 2.8852984e-01 7.0934784e-01 1.2514030e-04]
test_354,[8.4633297e-07 2.9366226e-03 9.9706250e-01 5.5518086e-08]
test_355,[9.9956375e-01 4.3600853e-04 1.7232009e-07 8.3724046e-08]
test_356,[3.7091299e-10 1.0000000e+00 1.5385334e-12 3.2201159e-17]
test_357,[1.5138265e-05 6.4722097e-01 3.5276172e-01 2.1750639e-06]
test_358,[5.6669887e-09 5.9713599e-05 9.9994028e-01 6.0327937e-11]
test_359,[1.1112739e-06 5.4974289e-04 9.9944919e-01 4.0360213e-09]
test_360,[7.2068942e-06 2.7423075e-03 9.9725026e-01 2.0480019e-07]
test_361,[7.7663243e-01 2.2333102e-01 9.2119035e-06 2.7262151e-05]
test_362,[5.52034547e-12 1.07368697e-11 1.32770355e-08 1.00000000e+00]
test_363,[5.8960919e-10 9.9981791e-01 1.8213669e-04 8.2967071e-12]
test_364,[3.7817780e-09 1.2548236e-06 9.9999869e-01 7.3428919e-12]
test_365,[9.9950743e-01 4.8415226e-04 3.0309163e-08 8.4317944e-06]
test_366,[1.0000000e+00 3.1695144e-10 5.0229387e-12 4.8239185e-13]
test_367,[1.0000000e+00 2.6746311e-13 1.6741949e-09 1.8592922e-14]
test_368,[6.0807997e-07 3.1619486e-05 9.9996781e-01 2.5093227e-09]
test_369,[2.0567787e-09 2.0442243e-09 1.0000000e+00 1.2174424e-08]
test_370,[2.88188801e-07 1.11966205e-04 9.99887824e-01 5.14520382e-09]
test_371,[9.4624884e-06 9.9999058e-01 1.7085487e-12 3.0890988e-13]
test_372,[8.32665060e-03 9.62241411e-01 2.93300990e-02 1.01836005e-04]
test_373,[6.6493144e-10 1.3057853e-04 9.9986935e-01 3.6879052e-11]
test_374,[1.6185030e-06 8.7499665e-04 9.9912328e-01 3.2555672e-08]
test_375,[9.7438897e-05 2.5560966e-04 9.9964631e-01 5.6759927e-07]
test_376,[3.2260348e-05 6.8338168e-01 3.1658036e-01 5.6704025e-06]
test_377,[4.0597441e-09 3.6617013e-05 9.9996340e-01 3.0063705e-09]
test_378,[6.7594034e-12 8.9982450e-06 9.9999106e-01 4.1108867e-13]
test_379,[1.8408847e-06 1.1804723e-05 9.9998641e-01 2.4928479e-10]
test_380,[4.8531947e-09 1.3927151e-06 9.9999857e-01 6.2622260e-12]
test_381,[1.6785464e-07 7.9364432e-03 9.9206346e-01 9.3735171e-09]
test_382,[9.60781343e-10 9.90120411e-01 9.87958908e-03 1.07997075e-11]
test_383,[5.7881694e-10 1.0000000e+00 2.9809399e-09 6.0791449e-13]
test_384,[9.9999952e-01 1.7529749e-09 4.7927170e-07 1.6887753e-11]
test_385,[2.8854847e-05 9.6195769e-01 3.8006052e-02 7.3126307e-06]
test_386,[2.6534792e-07 9.4467890e-01 5.5320855e-02 3.7518301e-08]
test_387,[1.1692269e-10 3.0269826e-04 9.9969733e-01 4.9358707e-12]
test_388,[9.7955177e-05 9.0136737e-01 9.8526515e-02 8.1176140e-06]
test_389,[4.0566803e-09 6.7779351e-09 9.9999988e-01 1.0765003e-07]
test_390,[4.8432717e-06 2.7455209e-02 9.7253937e-01 5.6602175e-07]
test_391,[9.9991441e-01 5.5153250e-05 2.5364627e-05 5.0207332e-06]
test_392,[1.2688489e-08 1.6128967e-08 2.9897042e-06 9.9999702e-01]
test_393,[1.0000000e+00 2.3800872e-09 1.7154058e-08 6.7242337e-11]
test_394,[5.0476973e-07 3.3247181e-07 9.9999917e-01 5.1200601e-08]
test_395,[2.4534043e-04 4.5756888e-02 9.5331669e-01 6.8112079e-04]
test_396,[1.5810252e-05 2.3117396e-03 9.9767059e-01 1.8604679e-06]
test_397,[2.2414124e-06 1.6995434e-02 9.8300225e-01 1.3623711e-07]
test_398,[9.5471740e-01 2.5653728e-05 4.5244444e-02 1.2437422e-05]
test_399,[2.8363265e-10 8.5973756e-11 1.0000000e+00 6.2197775e-11]
test_400,[2.4118580e-12 4.2764399e-12 1.9713484e-09 1.0000000e+00]
test_401,[9.9326330e-01 3.6311787e-10 6.7367530e-03 2.6880588e-11]
test_402,[9.9665999e-01 3.3361663e-03 2.3163379e-06 1.6025031e-06]
test_403,[2.9604630e-07 1.1330145e-02 9.8866934e-01 2.0134073e-07]
test_404,[2.6955340e-09 2.5865741e-04 9.9974138e-01 1.6923092e-10]
test_405,[1.1041148e-05 1.2775543e-05 9.9997592e-01 1.6145455e-07]
test_406,[9.9999368e-01 1.1510282e-06 5.0298731e-06 1.7326083e-07]
test_407,[4.1942954e-02 9.5787156e-01 9.8064374e-05 8.7516128e-05]
test_408,[2.3929130e-04 1.9272346e-05 9.9974138e-01 6.7957437e-08]
test_409,[2.5154420e-06 2.1974868e-03 9.9779993e-01 8.5561851e-08]
test_410,[9.9852204e-04 9.5633453e-01 4.2613849e-02 5.3148695e-05]
test_411,[1.4367316e-06 9.3973789e-04 9.9905878e-01 1.8482110e-08]
test_412,[2.1993458e-08 9.9999988e-01 1.1311717e-07 9.7742681e-10]
test_413,[2.5053741e-06 9.9999559e-01 1.7731014e-06 8.2676920e-08]
test_414,[9.9999166e-01 2.9490312e-09 8.3835412e-06 3.4309580e-10]
test_415,[1.5613236e-06 4.8974277e-03 9.9510103e-01 4.9625292e-08]
test_416,[1.3212237e-05 6.5612010e-05 9.9992108e-01 8.5296804e-08]
test_417,[1.0000000e+00 1.6570972e-12 1.7648013e-13 2.0024937e-15]
test_418,[9.9972743e-01 4.8352598e-07 2.7197209e-04 1.0876725e-07]
test_419,[2.3826616e-04 9.9975771e-01 2.0979432e-07 3.8325352e-06]
test_420,[1.0000000e+00 2.6952471e-14 6.9982675e-13 2.6703134e-17]
test_421,[3.2898842e-12 3.3350406e-07 9.9999964e-01 9.7404071e-15]
test_422,[8.4085002e-07 5.4474306e-01 4.5525602e-01 6.8905543e-08]
test_423,[4.7558783e-11 9.9999988e-01 1.2628209e-07 1.1880391e-11]
test_424,[1.0804112e-10 1.7237104e-08 1.0000000e+00 3.2928155e-13]
test_425,[3.8176011e-05 9.9996126e-01 5.6400631e-07 3.9889816e-09]
test_426,[1.3675177e-07 2.6817298e-03 9.9731809e-01 1.2405928e-08]
test_427,[4.4169020e-09 1.0000000e+00 3.0373268e-10 3.2786161e-12]
test_428,[1.4053908e-02 9.8571974e-01 1.9582709e-04 3.0609175e-05]
test_429,[5.0275128e-07 1.5539407e-03 9.9844557e-01 1.7155184e-08]
test_430,[2.3257721e-07 4.0328018e-03 9.9596691e-01 2.1754575e-08]
test_431,[2.6300314e-03 1.9496509e-03 9.9540210e-01 1.8203114e-05]
test_432,[6.9337784e-09 1.2925154e-04 9.9987078e-01 1.6597317e-10]
test_433,[1.1975492e-05 5.9972503e-05 1.2965839e-02 9.8696220e-01]
test_434,[1.6192934e-09 9.9999976e-01 2.4339047e-07 1.8738450e-11]
test_435,[5.2301554e-09 1.1237230e-08 9.9999988e-01 5.3747947e-08]
test_436,[6.9262791e-09 3.4151637e-04 9.9965847e-01 2.3593274e-09]
test_437,[1.3592201e-05 1.0809991e-04 9.9987817e-01 8.3023522e-08]
test_438,[4.7862664e-14 3.2057927e-14 1.0000000e+00 2.2021200e-16]
test_439,[7.1708650e-10 1.9109850e-04 9.9980897e-01 7.6231538e-12]
test_440,[3.2729948e-09 9.8186717e-07 9.9999905e-01 1.8382910e-11]
test_441,[7.9250647e-08 1.2913227e-04 9.9987078e-01 2.5761708e-09]
test_442,[8.9266587e-07 2.2559264e-03 9.9774313e-01 3.7381209e-08]
test_443,[1.1349888e-12 2.8103889e-12 1.0000000e+00 5.7567992e-11]
test_444,[8.3870436e-05 4.6809943e-04 9.9944776e-01 2.6682005e-07]
test_445,[1.0625690e-12 1.9242373e-11 6.4765349e-10 1.0000000e+00]
test_446,[5.2025928e-10 1.6393441e-09 1.0000000e+00 2.2619465e-10]
test_447,[8.7329435e-11 7.4834761e-10 5.1474819e-07 9.9999952e-01]
test_448,[3.8685829e-07 7.0414566e-03 9.9295819e-01 1.3587926e-08]
test_449,[1.1957613e-09 9.1750871e-06 9.9999082e-01 5.0225980e-11]
test_450,[6.5037379e-06 9.2184421e-04 9.9907148e-01 1.2313262e-07]
test_451,[1.2675269e-09 3.0325769e-05 9.9996972e-01 7.0799727e-11]
test_452,[1.2717057e-07 3.3573943e-07 1.1828364e-03 9.9881673e-01]
test_453,[4.5420552e-06 2.3857103e-06 9.9999309e-01 3.4631960e-08]
test_454,[2.877918e-09 8.123259e-09 1.000000e+00 2.637744e-13]
test_455,[7.7208958e-04 4.6831971e-01 5.3069472e-01 2.1350547e-04]
test_456,[8.6353640e-07 5.2557793e-02 9.4744116e-01 1.0174300e-07]
test_457,[1.000000e+00 1.023570e-11 6.979788e-10 8.210830e-14]
test_458,[1.3398810e-08 2.3362383e-05 9.9997663e-01 2.1829131e-11]
test_459,[9.9999464e-01 3.7113239e-07 4.9577943e-06 1.2693833e-08]
test_460,[1.9017531e-10 9.1942098e-07 9.9999905e-01 1.4889056e-12]
test_461,[2.7085466e-07 6.6951017e-08 9.9999964e-01 2.5298885e-10]
test_462,[3.7039865e-08 9.9950027e-01 4.9963244e-04 2.2006916e-09]
test_463,[3.1237629e-05 7.0547510e-04 9.9926203e-01 1.3123906e-06]
test_464,[1.0000000e+00 1.9388329e-08 1.0203562e-10 6.3440153e-10]
test_465,[3.7214498e-08 3.7744169e-06 9.9999619e-01 2.7520522e-10]
test_466,[9.9999964e-01 4.0270527e-07 3.1009182e-15 1.5853627e-11]
test_467,[1.1902315e-06 3.2365406e-03 9.9676216e-01 1.2857787e-07]
test_468,[1.0124686e-08 9.9999976e-01 2.8105484e-07 1.9865508e-10]
test_469,[6.3537245e-06 9.9908912e-01 9.0454618e-04 1.9194720e-08]
test_470,[1.3125809e-07 3.8077863e-04 9.9961913e-01 8.1665137e-09]
test_471,[3.3493834e-09 8.9282703e-06 9.9999106e-01 1.2167694e-09]
test_472,[4.7981808e-07 9.9998975e-01 9.6739250e-06 6.9784853e-08]
test_473,[8.5416948e-04 5.6459796e-01 4.3445656e-01 9.1239082e-05]
test_474,[2.2122470e-06 2.8156325e-02 9.7184122e-01 2.5070253e-07]
test_475,[9.9997163e-01 1.6877344e-06 2.6608863e-05 9.2253778e-08]
test_476,[1.5453856e-05 3.0747196e-04 9.9967682e-01 1.6740387e-07]
test_477,[5.2706426e-08 1.0251353e-05 9.9998975e-01 9.2894364e-10]
test_478,[2.5611196e-03 9.5208883e-01 4.5284439e-02 6.5591856e-05]
test_479,[8.3849798e-08 7.2536891e-06 9.9999261e-01 1.4825844e-09]
test_480,[1.3927536e-08 9.9999940e-01 6.2861091e-07 2.6233168e-10]
test_481,[2.1850678e-08 1.4864469e-05 9.9998510e-01 2.9166497e-10]
test_482,[7.9296136e-08 4.7369918e-05 9.9995255e-01 5.9770500e-09]
test_483,[2.9507513e-07 9.9983668e-01 1.6300083e-04 5.4949595e-08]
test_484,[5.3445920e-10 1.0000000e+00 1.5104513e-08 8.1703455e-12]
test_485,[9.7736902e-14 1.7117475e-13 1.7365693e-09 1.0000000e+00]
test_486,[9.8273800e-10 1.7790199e-09 2.8374327e-05 9.9997163e-01]
test_487,[9.9991608e-01 2.1955246e-07 8.3680861e-05 4.2590185e-09]
test_488,[2.6958887e-08 1.6860704e-05 9.9998319e-01 6.4858924e-11]
test_489,[9.9774188e-05 7.1839467e-02 9.2792213e-01 1.3863086e-04]
test_490,[2.9750149e-06 1.5705705e-04 9.9983990e-01 1.7586601e-08]
test_491,[1.14941535e-07 3.14962992e-04 9.99684930e-01 1.40162448e-09]
test_492,[2.1015468e-07 4.6793600e-03 9.9532038e-01 5.5232611e-08]
test_493,[3.1886182e-07 1.1958363e-06 3.5174860e-05 9.9996328e-01]
test_494,[4.6518053e-07 1.1992017e-05 9.9998748e-01 1.2594377e-09]
test_495,[9.4213829e-13 1.0000000e+00 4.1223324e-13 9.4852649e-17]
test_496,[6.5470523e-08 1.7125443e-04 9.9982858e-01 4.3756896e-09]
test_497,[9.9999809e-01 1.8748729e-06 1.6104085e-08 2.8536107e-09]
test_498,[1.3164160e-08 1.0935999e-04 9.9989069e-01 3.5661832e-10]
test_499,[6.9505409e-06 2.4847892e-05 9.9996829e-01 5.6564780e-09]
test_500,[6.4504641e-13 1.1400021e-13 1.3220847e-10 1.0000000e+00]
test_501,[9.4638162e-05 4.5602003e-05 9.9985957e-01 1.2882805e-07]
test_502,[1.2642411e-06 9.7088170e-01 2.9116813e-02 1.8140572e-07]
test_503,[3.1609925e-16 1.9284321e-16 3.4907526e-13 1.0000000e+00]
test_504,[8.5314359e-06 9.9856961e-01 1.4192096e-03 2.5837542e-06]
test_505,[2.8513227e-11 1.0000000e+00 2.2494877e-09 7.0742267e-13]
test_506,[1.0000000e+00 5.2369837e-09 3.0875310e-17 2.2687502e-15]
test_507,[1.3832352e-10 2.8797407e-05 9.9997115e-01 2.0496595e-12]
test_508,[2.3661869e-07 2.0699238e-03 9.9792981e-01 1.6721996e-08]
test_509,[1.000000e+00 2.518837e-12 9.654874e-09 4.464170e-13]
test_510,[1.4549275e-07 1.0839785e-03 9.9891591e-01 2.5117430e-08]
test_511,[9.9995089e-01 4.8959875e-05 6.5240172e-08 3.3366195e-08]
test_512,[1.6753776e-07 4.2279912e-04 9.9957711e-01 4.2849804e-09]
test_513,[4.0619859e-08 1.4892608e-04 9.9985111e-01 7.9299506e-10]
test_514,[1.9055159e-06 9.9984503e-01 1.5304930e-04 1.3163609e-08]
test_515,[3.5386161e-09 1.2697743e-09 2.4852321e-07 9.9999976e-01]
test_516,[2.3705034e-06 7.6323568e-06 9.9998999e-01 1.8196662e-08]
test_517,[5.7457019e-06 9.9940991e-01 5.8421254e-04 1.7009621e-07]
test_518,[2.1353828e-09 1.0573585e-03 9.9894267e-01 1.8861326e-10]
test_519,[3.8185805e-02 9.6181422e-01 7.6642644e-11 1.9831703e-08]
test_520,[6.7312703e-06 1.5485082e-02 9.8450768e-01 5.2067406e-07]
test_521,[9.8968701e-07 1.2032797e-02 9.8796612e-01 1.3867167e-07]
test_522,[9.9999297e-01 5.6282142e-06 1.3950856e-06 2.2518384e-08]
test_523,[9.7278331e-05 9.9983585e-01 5.8434700e-05 8.4047442e-06]
test_524,[1.5880171e-07 9.9860734e-01 1.3924772e-03 5.5945346e-09]
test_525,[5.1127886e-04 1.3766080e-01 8.6178565e-01 4.2239641e-05]
test_526,[2.0162210e-12 4.4298145e-11 1.0000000e+00 2.7118762e-11]
test_527,[2.3351181e-07 9.9999976e-01 5.1245745e-09 1.7540883e-10]
test_528,[2.6132176e-08 4.6003952e-05 9.9995399e-01 9.8498809e-09]
test_529,[4.1680432e-05 4.9673175e-03 9.9498773e-01 3.3347540e-06]
test_530,[2.1314823e-04 1.1264153e-03 9.9865329e-01 7.1152608e-06]
test_531,[1.8071153e-04 7.0261955e-01 2.9703638e-01 1.6334819e-04]
test_532,[4.4305593e-06 7.1256799e-01 2.8742725e-01 3.4953422e-07]
test_533,[8.6160719e-07 2.4263738e-03 9.9757272e-01 6.3090866e-08]
test_534,[5.069510e-11 3.103045e-06 9.999969e-01 8.093344e-12]
test_535,[1.6021320e-05 2.4842393e-02 9.7514057e-01 9.6705276e-07]
test_536,[7.8322745e-07 1.8291260e-03 9.9817002e-01 5.3503161e-08]
test_537,[6.1004835e-06 8.7489716e-06 9.9998522e-01 1.2458219e-08]
test_538,[3.8075598e-11 1.0000000e+00 1.2960683e-10 1.4318282e-14]
test_539,[2.5418808e-13 1.0000000e+00 1.3822274e-11 6.1206474e-16]
test_540,[1.1586594e-07 6.4835092e-04 9.9935156e-01 1.0489424e-08]
test_541,[2.2573577e-08 3.3486236e-07 9.9999964e-01 2.8061592e-10]
test_542,[1.0000000e+00 3.9661573e-12 1.7349818e-11 1.2568855e-13]
test_543,[1.8561845e-07 9.7309442e-07 6.1169942e-07 9.9999821e-01]
test_544,[4.7352974e-06 1.4522465e-02 9.8547101e-01 1.8259922e-06]
test_545,[7.3328762e-13 2.7689984e-12 1.9615825e-08 1.0000000e+00]
test_546,[2.1729586e-07 9.9999976e-01 7.9837271e-08 1.5260188e-08]
test_547,[9.9987543e-01 2.7255428e-08 1.2461141e-04 1.8523085e-09]
test_548,[1.5009678e-06 9.9999845e-01 8.3330443e-10 4.1723535e-08]
test_549,[1.3188804e-05 1.1657630e-03 9.9882084e-01 2.1640706e-07]
test_550,[2.6112909e-11 1.0000000e+00 8.6705843e-09 2.2047544e-13]
test_551,[6.2656254e-06 2.9464520e-04 9.9969900e-01 7.9499678e-08]
test_552,[1.0047410e-12 1.0000000e+00 2.5417455e-09 3.7230166e-13]
test_553,[9.9999774e-01 2.9514122e-09 2.3065543e-06 9.2747809e-10]
test_554,[5.1327447e-08 9.9999964e-01 2.5226936e-07 4.8000947e-11]
test_555,[1.0000000e+00 1.9290607e-09 8.1973655e-12 2.5689722e-12]
test_556,[9.9757258e-08 2.4329178e-02 9.7567058e-01 6.4029031e-08]
test_557,[1.8273748e-05 9.9954575e-01 4.3581799e-04 6.8555579e-08]
test_558,[1.00788280e-12 2.81955266e-07 9.99999762e-01 1.19677065e-14]
test_559,[3.232835e-10 7.698410e-11 2.734850e-08 1.000000e+00]
test_560,[2.7912215e-09 1.4937185e-05 9.9998510e-01 7.3463811e-11]
test_561,[8.0466158e-09 1.0238118e-07 9.9953043e-01 4.6942214e-04]
test_562,[6.4001978e-07 1.7995821e-04 9.9981946e-01 5.3993223e-09]
test_563,[4.8251596e-08 2.0022355e-08 9.9998963e-01 1.0407954e-05]
test_564,[7.4680959e-04 1.7230121e-05 9.9773431e-01 1.5015794e-03]
test_565,[1.2642475e-05 9.9998736e-01 3.4702381e-08 3.1720027e-10]
test_566,[3.6841012e-08 1.7238606e-04 9.9982762e-01 1.0823911e-09]
test_567,[9.7192287e-07 9.9989986e-01 9.9110854e-05 2.4203171e-08]
test_568,[2.3694534e-08 1.6963301e-04 9.9983037e-01 5.6097554e-10]
test_569,[1.4373273e-06 6.0378942e-03 9.9395990e-01 7.6978040e-07]
test_570,[7.4815985e-09 3.3947616e-04 9.9966049e-01 2.8480032e-10]
test_571,[6.0156594e-07 2.4277664e-05 9.9997509e-01 3.7098180e-09]
test_572,[2.7583781e-07 1.0265600e-06 4.5228253e-06 9.9999416e-01]
test_573,[9.6865797e-08 8.3272280e-06 9.9999154e-01 3.0897193e-10]
test_574,[2.0957352e-03 6.5527274e-03 9.9132138e-01 3.0240741e-05]
test_575,[4.64492178e-09 3.90357673e-05 9.99961019e-01 1.05800285e-10]
test_576,[2.8763774e-08 1.0000000e+00 1.1041766e-08 1.5318449e-09]
test_577,[4.5917958e-09 8.5885922e-04 9.9914110e-01 3.4034325e-10]
test_578,[3.4353629e-06 9.9998999e-01 6.5285180e-06 5.8895226e-09]
test_579,[4.9702962e-08 2.7058888e-07 1.8155492e-03 9.9818414e-01]
test_580,[3.0902396e-05 9.9996865e-01 3.9314429e-07 1.1063127e-09]
test_581,[6.8109275e-06 9.4614760e-04 9.9904662e-01 4.1878769e-07]
test_582,[5.2992650e-09 9.9888927e-01 1.1106901e-03 1.5597597e-10]
test_583,[1.2117655e-03 3.4607531e-04 9.2507303e-02 9.0593475e-01]
test_584,[9.9999976e-01 7.0276712e-08 6.7003917e-08 2.1455680e-08]
test_585,[1.2380490e-06 9.9999881e-01 3.5050598e-09 8.1319959e-12]
test_586,[9.6422941e-09 6.8759941e-06 9.9999309e-01 6.4936834e-10]
test_587,[6.9115930e-07 9.9999714e-01 2.1327917e-06 6.2900343e-09]
test_588,[3.0611209e-06 2.6263346e-05 9.9997067e-01 6.0575400e-10]
test_589,[1.00025145e-05 9.99916315e-01 7.34502974e-05 2.87040564e-07]
test_590,[2.6040780e-08 2.8888569e-09 1.0000000e+00 2.0057258e-09]
test_591,[1.3678922e-06 9.7232129e-05 9.9990141e-01 1.9179062e-08]
test_592,[1.2965828e-10 7.6432049e-04 9.9923575e-01 4.0700061e-12]
test_593,[3.8502130e-04 9.9955505e-01 5.9619080e-05 2.9270143e-07]
test_594,[3.1442603e-08 1.0938092e-05 9.9998903e-01 1.0930972e-10]
test_595,[2.0921102e-06 5.9161702e-04 9.9940598e-01 2.1023676e-07]
test_596,[3.2042492e-06 9.9999678e-01 9.3995638e-09 3.7201832e-11]
test_597,[5.5266941e-07 2.9744874e-03 9.9702483e-01 4.3047542e-08]
test_598,[1.1184265e-08 2.0495447e-06 9.9999797e-01 1.2317067e-11]
test_599,[9.7380010e-03 4.5536311e-07 9.9026138e-01 1.5339008e-07]
test_600,[2.2806015e-09 1.5020638e-10 4.4645794e-09 1.0000000e+00]
test_601,[7.1150907e-10 1.0000000e+00 2.5407492e-11 8.1825280e-15]
test_602,[4.2134729e-07 2.4647514e-08 9.9999928e-01 2.6722151e-07]
test_603,[3.8605203e-06 2.6950505e-05 9.9996924e-01 3.7473693e-08]
test_604,[1.8369061e-05 4.5843884e-02 9.5413166e-01 6.1508699e-06]
test_605,[9.9992216e-01 7.7885445e-05 2.2569512e-11 1.9499947e-10]
test_606,[9.0472380e-11 1.0000000e+00 1.8551666e-09 8.6741846e-14]
test_607,[9.9745089e-01 2.5490336e-03 1.0060793e-08 7.4259695e-08]
test_608,[4.0091246e-09 6.3980097e-04 9.9936026e-01 2.1314432e-10]
test_609,[2.0143975e-09 1.8912583e-07 9.9999976e-01 4.0102761e-12]
test_610,[1.0000000e+00 2.4624458e-12 6.9187707e-12 1.1621830e-13]
test_611,[1.0552782e-08 1.6799760e-05 9.9998319e-01 6.5447460e-11]
test_612,[2.2584986e-08 2.1464908e-02 9.7853512e-01 3.7406886e-09]
test_613,[9.9967885e-01 1.1515750e-04 8.9378844e-08 2.0592239e-04]
test_614,[9.9999440e-01 2.4138961e-07 5.3777753e-06 5.5472725e-08]
test_615,[5.065519e-09 9.999999e-01 7.739497e-08 4.476467e-12]
test_616,[1.0000000e+00 6.5428093e-11 5.3606875e-08 1.9089231e-12]
test_617,[2.5991326e-10 1.3228306e-07 9.9999988e-01 9.3488542e-12]
test_618,[0.03586987 0.74216765 0.22031973 0.00164275]
test_619,[2.4172979e-04 1.5165603e-03 9.9822980e-01 1.1957223e-05]
test_620,[2.7129545e-06 9.9999726e-01 9.6807744e-09 6.7241195e-09]
test_621,[2.4890844e-07 5.0052919e-04 9.9949920e-01 1.7798023e-08]
test_622,[2.0293402e-03 9.9495268e-01 3.0085521e-03 9.4993602e-06]
test_623,[1.9609729e-10 1.0950085e-04 9.9989045e-01 1.4668357e-11]
test_624,[9.9988449e-01 1.1544302e-04 2.7392254e-13 1.4078463e-11]
test_625,[1.3137202e-09 2.8385659e-04 9.9971610e-01 1.8941380e-11]
test_626,[1.6731948e-04 9.8069257e-01 1.7070143e-02 2.0699883e-03]
test_627,[4.7385493e-07 2.6952388e-02 9.7304702e-01 1.1704685e-07]
test_628,[5.9267855e-11 1.0000000e+00 9.4251780e-09 4.5361661e-13]
test_629,[2.3411367e-13 4.9200725e-14 1.0000000e+00 4.5779696e-15]
test_630,[2.3827980e-09 4.3332607e-06 9.9999571e-01 8.4195130e-11]
test_631,[7.8509913e-07 2.9555424e-03 9.9704343e-01 1.4119613e-07]
test_632,[3.0692138e-06 2.3140548e-01 7.6859105e-01 4.2023470e-07]
test_633,[2.5984412e-09 3.4540515e-06 9.9999654e-01 6.5653104e-12]
test_634,[1.3139087e-08 1.3125757e-05 9.9998689e-01 2.3466801e-10]
test_635,[2.6436317e-07 9.9999869e-01 1.0503167e-06 6.7120937e-10]
test_636,[9.5825153e-06 9.7636944e-01 2.3620730e-02 2.8788213e-07]
test_637,[6.089761e-10 8.553737e-11 1.000000e+00 7.278039e-11]
test_638,[1.55564712e-03 1.10778704e-01 8.87521744e-01 1.43880752e-04]
test_639,[4.0595382e-06 9.9998546e-01 1.0533759e-05 6.0545373e-09]
test_640,[7.7409856e-09 1.0000000e+00 7.4541195e-10 1.0296734e-11]
test_641,[3.6089719e-07 3.3702594e-04 9.9966264e-01 3.4585536e-08]
test_642,[5.7814617e-07 9.9999940e-01 1.5459898e-08 6.7733924e-10]
test_643,[1.0405076e-08 4.2898954e-08 9.9999988e-01 4.2762036e-08]
test_644,[5.8198088e-07 9.9999857e-01 8.8074580e-07 1.5781024e-11]
test_645,[7.7821210e-07 3.2683037e-04 9.9967229e-01 2.7212907e-08]
test_646,[4.4980294e-05 1.1071332e-03 9.9884748e-01 3.6008467e-07]
test_647,[7.1275140e-06 3.3045165e-02 9.6694648e-01 1.2124303e-06]
test_648,[9.9999988e-01 1.2503722e-07 2.1235416e-09 5.5512239e-10]
test_649,[2.6239310e-12 2.8441351e-12 1.2142115e-09 1.0000000e+00]
test_650,[4.2389256e-10 1.0000000e+00 7.1793388e-10 1.7460233e-11]
test_651,[5.8309414e-08 9.9999893e-01 1.0151509e-06 7.0025158e-10]
test_652,[5.9661204e-10 3.5613633e-07 9.9999964e-01 3.7038528e-11]
test_653,[9.5622987e-01 4.3741710e-02 1.2794273e-05 1.5598414e-05]
test_654,[1.7676117e-08 2.2319065e-04 9.9977678e-01 5.9503258e-10]
test_655,[9.9999273e-01 1.6379953e-08 3.1660088e-06 4.0025307e-06]
test_656,[3.6745806e-08 9.9999046e-01 9.5552750e-06 4.9312771e-08]
test_657,[5.6590230e-09 9.9999285e-01 7.2034295e-06 4.6494020e-10]
test_658,[2.3927255e-06 9.9997962e-01 1.7956039e-05 2.6200606e-09]
test_659,[3.2471462e-06 2.8770622e-03 9.9711967e-01 5.1270000e-08]
test_660,[1.10939716e-07 2.24034193e-06 9.99997616e-01 1.47303031e-10]
test_661,[1.5358527e-06 9.9999821e-01 2.2576701e-07 6.8459922e-09]
test_662,[9.9998331e-01 1.6740314e-05 9.7410764e-09 6.8287282e-09]
test_663,[5.2393323e-10 4.8986498e-05 9.9995100e-01 3.2299202e-11]
test_664,[2.1935114e-06 9.9999750e-01 3.0017722e-07 4.4927556e-10]
test_665,[9.6930087e-01 4.1331157e-05 3.0657502e-02 2.8166244e-07]
test_666,[3.3803452e-08 1.8154433e-03 9.9818450e-01 3.9392738e-09]
test_667,[4.8190188e-03 9.9516898e-01 1.1925017e-05 4.5569820e-08]
test_668,[4.6345757e-11 1.0000000e+00 6.0242140e-09 1.9269559e-14]
test_669,[9.9999213e-01 4.8264056e-08 7.8710236e-06 1.0199556e-09]
test_670,[7.1913387e-06 9.9998665e-01 5.5114879e-06 6.1086689e-07]
test_671,[1.0662991e-10 9.9988699e-01 1.1295054e-04 1.7155128e-12]
test_672,[9.4138733e-07 1.0693671e-07 9.9999475e-01 4.2058805e-06]
test_673,[4.8708387e-10 7.3969745e-06 9.9999261e-01 1.8019397e-11]
test_674,[1.2205601e-06 9.9999595e-01 2.8185298e-06 1.7313567e-09]
test_675,[6.9834670e-07 6.0205412e-06 9.9999321e-01 1.5528888e-09]
test_676,[1.3252949e-07 2.3784874e-06 9.9999750e-01 2.6003713e-10]
test_677,[6.6135257e-09 4.8628596e-07 9.9999952e-01 4.9274853e-08]
test_678,[1.0000000e+00 8.0373416e-12 3.8497650e-13 1.7816998e-08]
test_679,[5.7421489e-06 7.6361788e-03 9.9235743e-01 5.1144912e-07]
test_680,[4.0581939e-03 9.9471843e-01 1.0302962e-03 1.9301113e-04]
test_681,[3.5568632e-03 9.9644309e-01 1.1095597e-08 6.0644822e-09]
test_682,[2.4609076e-07 9.9998868e-01 1.1090773e-05 7.3215576e-09]
test_683,[1.9425808e-05 9.9983823e-01 1.4169616e-04 5.4212757e-07]
test_684,[6.6101076e-14 3.9010627e-13 1.7580768e-11 1.0000000e+00]
test_685,[1.02193575e-04 3.65227520e-01 6.34663880e-01 6.31584180e-06]
test_686,[1.6907394e-07 1.4750972e-02 9.8524886e-01 5.7390834e-09]
test_687,[2.4380461e-07 2.8078312e-03 9.9719197e-01 3.0891222e-08]
test_688,[9.9718285e-01 2.8132841e-03 3.8249805e-06 6.2904263e-08]
test_689,[2.9626511e-08 1.7147607e-03 9.9828523e-01 2.9267657e-09]
test_690,[9.9998367e-01 1.6305534e-05 1.3029381e-09 1.2607211e-09]
test_691,[6.235605e-09 9.999999e-01 8.206595e-08 1.015489e-13]
test_692,[8.8083771e-06 1.4024882e-03 9.9858320e-01 5.4899083e-06]
test_693,[1.9586650e-03 9.9591148e-01 2.0038986e-03 1.2600116e-04]
test_694,[1.9215602e-06 3.2060259e-05 9.9996603e-01 3.0290117e-08]
test_695,[2.6862625e-09 3.2410212e-03 9.9675900e-01 1.3205103e-09]
test_696,[4.4752352e-10 1.6873457e-05 9.9998307e-01 1.1170727e-09]
test_697,[1.1994471e-10 7.8774862e-11 9.7105195e-09 1.0000000e+00]
test_698,[9.9999905e-01 9.6488361e-07 1.2108102e-10 1.1884796e-08]
test_699,[1.0000000e+00 8.7552084e-12 1.4467268e-17 3.3284546e-13]
test_700,[2.5699722e-11 4.2243119e-06 9.9999583e-01 4.4873973e-13]
test_701,[2.3753577e-08 9.9999976e-01 2.0599919e-07 9.0957988e-12]
test_702,[2.6010818e-10 9.9999988e-01 1.5000202e-07 2.6633613e-12]
test_703,[6.9333410e-01 3.0663073e-01 3.2880816e-05 2.2366053e-06]
test_704,[3.105062e-08 8.250730e-01 1.749270e-01 5.061175e-09]
test_705,[2.2254887e-03 6.7033291e-01 3.2723412e-01 2.0748496e-04]
test_706,[7.7573088e-07 1.0041252e-01 8.9958656e-01 1.2918322e-07]
test_707,[3.7061170e-09 1.0567775e-03 9.9894327e-01 2.5172001e-10]
test_708,[9.9999988e-01 1.7533051e-07 3.6985099e-11 1.5960408e-10]
test_709,[1.2835770e-07 3.9731432e-03 9.9602675e-01 9.5361825e-09]
test_710,[2.0307141e-11 1.0000000e+00 8.3168882e-11 4.9649667e-13]
test_711,[7.6782655e-08 6.8912031e-03 9.9310863e-01 6.0809597e-09]
test_712,[1.2508617e-05 1.2966664e-05 9.9997449e-01 1.8207871e-08]
test_713,[5.5222285e-09 1.0000000e+00 2.7813291e-10 4.3419864e-12]
test_714,[1.6355993e-09 1.0000000e+00 1.2829473e-09 3.8990691e-13]
test_715,[9.9999988e-01 1.9242952e-08 8.4994788e-08 4.9857085e-10]
test_716,[3.6821893e-10 1.0000000e+00 2.0700192e-08 3.7108602e-12]
test_717,[2.1272920e-01 4.1804630e-02 7.4541265e-01 5.3539527e-05]
test_718,[2.5638312e-06 2.2176050e-06 9.9845457e-01 1.5406434e-03]
test_719,[2.1931642e-06 9.9999750e-01 3.5037519e-07 5.3548082e-08]
test_720,[3.8877656e-06 9.9893624e-01 1.0597529e-03 6.0507254e-08]
test_721,[1.6115734e-04 2.2519432e-02 9.7729540e-01 2.4113193e-05]
test_722,[9.1067879e-05 9.9990189e-01 6.7587830e-06 1.7912588e-07]
test_723,[2.6194485e-07 1.0515541e-03 9.9894828e-01 1.5597820e-08]
test_724,[2.6502903e-10 3.6235320e-05 9.9996376e-01 4.9185482e-12]
test_725,[1.0000000e+00 1.2784770e-09 2.7925770e-10 2.2765022e-10]
test_726,[3.50362740e-07 1.07401334e-04 9.99892235e-01 1.59927414e-08]
test_727,[1.0000000e+00 5.7355301e-17 4.3966287e-24 2.7038941e-24]
test_728,[1.3020916e-10 3.5619143e-11 8.6135685e-09 1.0000000e+00]
test_729,[7.0875092e-07 6.4871175e-04 9.9935049e-01 5.4640026e-08]
test_730,[1.0000000e+00 1.4284608e-12 1.0545754e-16 1.1851716e-15]
test_731,[1.0566691e-08 9.9999952e-01 4.7850716e-07 9.0640224e-11]
test_732,[1.5403786e-05 2.4509091e-05 9.9995995e-01 1.8900380e-07]
test_733,[9.9999988e-01 5.8396729e-08 2.8828922e-11 2.4607592e-09]
test_734,[1.7792672e-06 1.8027380e-02 9.8197067e-01 1.5868252e-07]
test_735,[1.6660962e-06 1.1250995e-03 9.9887305e-01 1.1948828e-07]
test_736,[2.4162683e-10 1.0621890e-04 9.9989378e-01 9.6120533e-12]
test_737,[1.0358607e-05 9.9132580e-01 8.6615253e-03 2.1926398e-06]
test_738,[2.9052131e-08 1.2925909e-01 8.7074089e-01 2.4297995e-09]
test_739,[7.9457807e-10 2.1425101e-03 9.9785751e-01 2.4650105e-11]
test_740,[9.9969041e-01 7.5677584e-05 2.1425249e-04 1.9601519e-05]
test_741,[1.2946868e-05 2.0953703e-07 9.9998677e-01 1.8906166e-09]
test_742,[1.0000000e+00 1.8083658e-09 3.6194658e-13 6.9590671e-13]
test_743,[1.0000000e+00 2.9587801e-09 2.8380502e-08 1.2480158e-09]
test_744,[9.9999988e-01 9.3883102e-08 2.4431699e-09 2.4174468e-10]
test_745,[2.6882073e-11 9.8092593e-12 9.5711190e-09 1.0000000e+00]
test_746,[9.9999988e-01 6.0522261e-08 3.5229838e-10 8.9507741e-11]
test_747,[5.1340280e-08 7.7170611e-08 9.9999976e-01 1.2852506e-07]
test_748,[3.1609954e-06 9.9996722e-01 2.9598041e-05 5.6774843e-09]
test_749,[9.8200736e-10 1.1072177e-05 9.9998891e-01 1.3484765e-11]
test_750,[5.0424522e-05 2.6533975e-05 4.0573373e-01 5.9418923e-01]
test_751,[5.6363520e-14 5.7132028e-13 1.0000000e+00 3.7735738e-14]
test_752,[4.7854794e-08 1.4172818e-02 9.8582709e-01 1.9050574e-08]
test_753,[1.0000000e+00 4.8124615e-08 1.9047552e-12 5.4231083e-13]
test_754,[3.9826905e-06 4.1005880e-02 9.5898950e-01 6.3640022e-07]
test_755,[9.9999964e-01 1.0042969e-07 6.2285345e-08 9.0459189e-08]
test_756,[9.9999928e-01 7.4111705e-07 2.3357338e-09 1.2513358e-08]
test_757,[1.4279737e-09 2.2531033e-03 9.9774688e-01 1.2211981e-10]
test_758,[9.232465e-09 2.976224e-09 9.825044e-08 9.999999e-01]
test_759,[2.6802288e-04 7.7770489e-01 2.2202155e-01 5.5600221e-06]
test_760,[5.2859250e-06 9.9999058e-01 3.1437526e-06 9.2238946e-07]
test_761,[4.2393845e-11 1.2897748e-10 3.7596550e-08 1.0000000e+00]
test_762,[9.7798033e-07 6.8685086e-03 9.9313051e-01 4.7715876e-08]
test_763,[9.9999893e-01 1.0477737e-06 1.7628322e-12 8.1665390e-11]
test_764,[1.3768023e-06 2.1804213e-05 9.9997675e-01 9.2925950e-10]
test_765,[4.0839569e-04 9.7689295e-01 2.2653777e-02 4.4811572e-05]
test_766,[9.9999952e-01 1.1646835e-09 4.9103613e-07 3.0827857e-10]
test_767,[2.1755842e-08 4.6528783e-02 9.5347118e-01 1.1016012e-08]
test_768,[4.0014464e-11 1.0000000e+00 2.9811188e-11 3.9839424e-13]
test_769,[9.86660838e-01 1.33391665e-02 9.52135384e-11 3.55527021e-08]
test_770,[9.9772908e-05 5.9404620e-04 9.9930131e-01 4.7788476e-06]
test_771,[1.00982085e-08 1.45475687e-09 9.99999881e-01 1.40174137e-07]
test_772,[7.2024804e-06 8.1086671e-03 9.9187672e-01 7.3578703e-06]
test_773,[1.0000000e+00 1.4315185e-08 5.4873163e-13 2.0402482e-12]
test_774,[3.0959194e-04 5.4936391e-01 4.5022067e-01 1.0576831e-04]
test_775,[6.2757812e-07 8.9408018e-02 9.1059124e-01 8.2442746e-08]
test_776,[1.1214727e-06 5.8650059e-08 9.9999893e-01 2.4952471e-11]
test_777,[1.6007132e-08 4.7850201e-04 9.9952149e-01 1.8793815e-09]
test_778,[1.6845085e-09 9.9998450e-01 1.5546286e-05 3.7513749e-11]
test_779,[1.06862764e-07 3.76310869e-04 9.99623537e-01 1.12516139e-08]
test_780,[1.21874225e-04 9.22769401e-03 9.90645409e-01 5.04603304e-06]
test_781,[1.9098361e-06 2.8212010e-06 9.9997723e-01 1.8061361e-05]
test_782,[4.4582615e-05 5.9892685e-04 9.9935645e-01 4.4323439e-08]
test_783,[8.5534241e-10 3.3635346e-04 9.9966371e-01 2.8035142e-11]
test_784,[1.2539230e-06 3.6023909e-04 9.9963844e-01 2.1197405e-08]
test_785,[4.6802409e-08 3.2191348e-08 9.9999964e-01 3.7026632e-07]
test_786,[2.7663907e-04 9.9972326e-01 5.2473140e-08 7.0183234e-11]
test_787,[3.8152384e-06 5.0091103e-02 9.4989014e-01 1.4878986e-05]
test_788,[2.0783591e-06 9.9998581e-01 1.1972776e-05 9.5021775e-08]
test_789,[5.2122989e-08 3.7872505e-03 9.9621272e-01 1.4063539e-08]
test_790,[2.6813286e-16 2.6660500e-16 6.8529634e-14 1.0000000e+00]
test_791,[5.3134270e-05 3.0976828e-04 9.9963677e-01 2.5583583e-07]
test_792,[5.2501861e-12 2.7732753e-07 9.9999976e-01 5.1619960e-14]
test_793,[9.9999559e-01 2.1333962e-10 4.4137860e-06 9.2517122e-12]
test_794,[7.3226033e-07 1.2600575e-05 2.0197784e-05 9.9996638e-01]
test_795,[3.4335393e-10 9.9999988e-01 6.4856764e-08 6.3838457e-12]
test_796,[3.8532867e-06 9.9999619e-01 1.1465474e-11 2.0080512e-11]
test_797,[9.0661461e-09 9.9999833e-01 1.7048936e-06 2.1969199e-11]
test_798,[3.6212374e-02 1.1678664e-03 9.6248156e-01 1.3820241e-04]
test_799,[9.9999988e-01 4.7508975e-09 1.3654272e-07 2.8956568e-10]
test_800,[1.1420444e-06 5.3088937e-05 9.9994576e-01 7.1011512e-09]
test_801,[2.8066960e-09 3.2473403e-07 9.9999964e-01 1.1922065e-11]
test_802,[0.01099862 0.15671988 0.82940084 0.00288066]
test_803,[2.2253906e-10 8.8427289e-05 9.9991155e-01 1.4297962e-11]
test_804,[4.7255675e-08 2.2388319e-03 9.9776113e-01 4.0834465e-09]
test_805,[5.7406811e-07 9.9999905e-01 4.1095447e-07 1.2586422e-10]
test_806,[1.692888e-11 1.000000e+00 8.966157e-14 9.050148e-16]
test_807,[1.0229929e-05 1.1548928e-03 9.9883479e-01 8.1578222e-08]
test_808,[5.9004788e-09 1.6530180e-06 9.9999833e-01 3.9714593e-11]
test_809,[2.7011495e-07 9.9999428e-01 5.4091761e-06 1.7882322e-09]
test_810,[9.4831636e-09 2.7699764e-03 9.9722999e-01 1.4405310e-09]
test_811,[5.3193205e-08 1.9050407e-08 3.9092385e-05 9.9996090e-01]
test_812,[1.1768328e-11 1.8693012e-11 1.0000000e+00 1.8194135e-12]
test_813,[1.3393144e-07 1.7936714e-03 9.9820626e-01 1.7710353e-09]
test_814,[3.9884719e-01 5.9919280e-01 1.6515747e-03 3.0846093e-04]
test_815,[2.2787519e-06 4.4635017e-03 9.9553406e-01 1.8711111e-07]
test_816,[9.9998271e-01 1.2439777e-13 1.7250826e-05 9.7667710e-15]
test_817,[1.6087908e-07 1.6635433e-02 9.8336446e-01 3.7504716e-08]
test_818,[5.0338300e-10 1.5445377e-04 9.9984550e-01 9.1893732e-12]
test_819,[4.6618172e-07 3.4144748e-04 9.9965799e-01 4.7051852e-08]
test_820,[6.4508356e-08 5.8577443e-06 9.9999404e-01 5.1538218e-10]
test_821,[8.8472590e-03 9.0455598e-01 8.6213082e-02 3.8371354e-04]
test_822,[9.7442787e-10 6.0959192e-06 9.9999392e-01 6.6063682e-12]
test_823,[1.5428620e-07 9.9840516e-01 1.5945386e-03 1.0320924e-07]
test_824,[7.3478749e-12 2.5387895e-13 1.0000000e+00 1.7063786e-13]
test_825,[1.7620559e-10 1.7418620e-11 1.0000000e+00 6.6264234e-12]
test_826,[6.6961969e-10 1.6339374e-06 9.9999833e-01 2.2835499e-12]
test_827,[3.3493819e-07 3.4359920e-07 9.9999905e-01 2.8466687e-07]
test_828,[9.9896061e-01 7.8963296e-04 1.7999750e-04 6.9777670e-05]
test_829,[1.4265118e-08 7.5894839e-01 2.4105163e-01 1.6500352e-09]
test_830,[6.4918572e-07 3.7444212e-07 9.9999821e-01 8.0629906e-07]
test_831,[9.9985003e-01 9.6745709e-05 5.2659001e-05 5.4456001e-07]
test_832,[4.88910814e-07 9.99893427e-01 1.06077234e-04 6.78075684e-09]
test_833,[4.5257013e-07 3.3694939e-04 9.9966252e-01 9.7387503e-09]
test_834,[5.08348745e-11 5.24061738e-10 9.99999881e-01 1.15977485e-07]
test_835,[7.8676464e-08 1.0383656e-06 4.1099906e-05 9.9995780e-01]
test_836,[3.7594086e-06 9.9996972e-01 2.6459691e-05 7.5286968e-09]
test_837,[1.0529365e-14 7.7726000e-17 4.3726763e-13 1.0000000e+00]
test_838,[9.9999511e-01 4.8729053e-06 9.8045874e-09 5.4673860e-10]
test_839,[1.0000000e+00 1.1639661e-10 3.2303834e-13 1.9147817e-10]
test_840,[3.4410160e-08 5.6090398e-04 9.9943906e-01 2.1074174e-09]
test_841,[3.5927224e-04 9.8785609e-01 1.1751033e-02 3.3671895e-05]
test_842,[1.1849759e-10 1.3140198e-05 9.9998689e-01 3.5850463e-12]
test_843,[1.2665325e-06 4.9920131e-02 9.5007849e-01 1.7163161e-07]
test_844,[3.8008814e-06 2.5858639e-03 9.9740976e-01 6.0415175e-07]
test_845,[7.9537158e-06 6.8190795e-01 3.1808242e-01 1.6837157e-06]
test_846,[7.5583845e-11 1.0000000e+00 1.5554123e-10 2.7143676e-13]
test_847,[1.2257077e-05 7.7527575e-03 9.9223423e-01 6.8821146e-07]
test_848,[7.9929580e-13 8.1565417e-14 1.0000000e+00 1.0843309e-15]
test_849,[4.1669398e-07 4.2836586e-04 9.9957126e-01 8.5776009e-09]
test_850,[4.1940588e-08 1.0391510e-05 9.9998963e-01 1.0513589e-09]
test_851,[9.9779122e-08 9.9999917e-01 7.7868191e-07 8.8475055e-10]
test_852,[3.9891970e-09 1.5420059e-12 3.7837186e-08 1.0000000e+00]
test_853,[3.2551763e-11 1.1548486e-10 6.9639644e-10 1.0000000e+00]
test_854,[3.9999943e-12 1.0000000e+00 2.8021063e-10 1.4396760e-15]
test_855,[2.4167621e-08 9.9999976e-01 2.5918570e-07 4.2526778e-09]
test_856,[1.3552177e-07 2.6822430e-01 7.3177546e-01 6.3173069e-08]
test_857,[1.7121044e-07 9.9999571e-01 4.1445342e-06 3.6885017e-09]
test_858,[3.361503e-09 1.000000e+00 3.554600e-10 8.697295e-14]
test_859,[9.9999976e-01 2.8338457e-07 7.0855424e-09 1.7845347e-09]
test_860,[9.9895823e-01 9.2864787e-04 4.2520284e-08 1.1310938e-04]
test_861,[1.9993070e-04 9.9694842e-01 2.8401592e-03 1.1500039e-05]
test_862,[1.4021380e-03 4.1246396e-03 9.9446541e-01 7.8908779e-06]
test_863,[9.9992311e-01 1.3903868e-05 5.8128138e-05 4.7827011e-06]
test_864,[9.9999964e-01 2.9746288e-09 3.0897607e-07 2.7778288e-10]
test_865,[9.9508035e-01 1.3551359e-03 3.5444121e-03 2.0059799e-05]
test_866,[9.9751472e-01 2.4195563e-03 3.8357016e-06 6.1956576e-05]
test_867,[6.2225525e-10 3.3982309e-10 7.8190408e-07 9.9999917e-01]
test_868,[4.2898783e-08 2.8863808e-05 9.9997115e-01 3.9279260e-09]
test_869,[3.9096756e-10 4.8554816e-06 9.9999511e-01 3.7047670e-12]
test_870,[1.1184359e-03 7.1685266e-01 2.8181460e-01 2.1420665e-04]
test_871,[8.5448870e-11 2.4234658e-05 9.9997580e-01 7.6192470e-13]
test_872,[6.9119863e-02 9.3087518e-01 4.9011282e-06 2.7938224e-08]
test_873,[1.0000000e+00 3.2310826e-15 2.8800640e-21 3.6047832e-21]
test_874,[1.0000000e+00 6.9294173e-15 2.7301744e-12 7.6251143e-17]
test_875,[3.5711227e-16 7.2863267e-16 4.7501814e-13 1.0000000e+00]
test_876,[1.9740394e-12 1.0000000e+00 2.2162785e-08 7.7853766e-13]
test_877,[8.5255984e-08 9.9987352e-01 1.2638379e-04 4.3226603e-10]
test_878,[1.2638526e-04 9.9987364e-01 7.8388390e-12 6.0334077e-10]
test_879,[4.6583585e-07 8.3018685e-06 1.3710416e-04 9.9985409e-01]
test_880,[2.3084198e-05 1.0887333e-02 9.8908490e-01 4.6349355e-06]
test_881,[1.1072587e-04 3.7177589e-03 9.9616480e-01 6.7945712e-06]
test_882,[2.8932945e-07 2.3510635e-03 9.9764866e-01 1.8094216e-08]
test_883,[1.7517650e-10 1.0000000e+00 9.4030825e-11 6.3977483e-14]
test_884,[9.9501604e-01 4.9127103e-03 6.4223699e-05 7.1281238e-06]
test_885,[1.1546962e-05 8.7470644e-06 9.5120915e-05 9.9988461e-01]
test_886,[5.7636765e-03 9.9423331e-01 1.0831108e-06 1.8823090e-06]
test_887,[8.9111149e-05 9.1325375e-04 9.9899751e-01 2.1967777e-07]
test_888,[3.3985825e-07 9.9990368e-01 9.5967036e-05 3.3389116e-09]
test_889,[2.1471260e-08 4.9156486e-03 9.9508435e-01 1.5635407e-09]
test_890,[9.9955651e-06 9.9998999e-01 4.0046482e-09 1.6702766e-10]
test_891,[3.3045574e-06 3.4120199e-05 9.9996257e-01 1.2691320e-08]
test_892,[1.0000000e+00 3.9420575e-10 3.0886158e-09 2.8281208e-10]
test_893,[1.7568539e-07 9.9999917e-01 6.6932756e-07 3.9285702e-08]
test_894,[2.0904002e-07 3.6635962e-03 9.9633610e-01 1.0786282e-08]
test_895,[2.6465291e-03 9.9734300e-01 8.7019780e-06 1.7500723e-06]
test_896,[1.2158756e-06 9.9999869e-01 1.1163286e-07 3.4791942e-10]
test_897,[2.3550861e-07 9.9999726e-01 2.4912808e-06 8.8463403e-10]
test_898,[3.2243981e-05 3.7987404e-02 9.6197790e-01 2.5165762e-06]
test_899,[9.9837303e-01 7.1824013e-09 1.6269123e-03 2.3102869e-09]
test_900,[3.4835841e-09 1.3301851e-03 9.9866986e-01 8.4281354e-10]
test_901,[9.9999857e-01 1.8429024e-08 1.4513346e-06 4.1425478e-11]
test_902,[3.1432800e-04 5.4716861e-01 4.5251063e-01 6.4779042e-06]
test_903,[1.9233191e-08 1.5072915e-04 9.9984920e-01 4.9043697e-10]
test_904,[1.8821344e-09 9.2867032e-07 9.9999905e-01 1.5815511e-10]
test_905,[7.0119555e-08 3.3135407e-04 9.9966848e-01 2.2293789e-09]
test_906,[8.3085064e-07 2.1667725e-03 9.9783236e-01 6.1855054e-08]
test_907,[2.4181304e-06 9.9999738e-01 1.9002862e-07 2.4154279e-09]
test_908,[2.1908281e-03 3.9664913e-02 9.5807743e-01 6.6840446e-05]
test_909,[1.95730607e-07 1.03129305e-05 9.99989390e-01 9.43914547e-09]
test_910,[8.3254145e-06 1.3480242e-04 9.9985671e-01 1.2978435e-07]
test_911,[8.4854701e-06 4.4330284e-03 9.9555749e-01 1.0324561e-06]
test_912,[2.94701576e-01 2.23032688e-03 7.03053236e-01 1.48445315e-05]
test_913,[3.0559616e-10 3.7244010e-07 9.9999964e-01 4.8485462e-13]
test_914,[1.4127829e-05 7.9731740e-02 9.2025274e-01 1.4127579e-06]
test_915,[2.95072033e-09 7.82477764e-06 9.99992132e-01 1.40611914e-11]
test_916,[9.348969e-01 6.032556e-07 6.510264e-02 6.861828e-09]
test_917,[1.2238138e-09 1.2184609e-10 9.9999988e-01 9.7307691e-08]
test_918,[1.2385107e-06 9.4134930e-06 9.9998915e-01 1.9961860e-07]
test_919,[7.6614524e-06 9.9998689e-01 5.0929984e-06 3.5911532e-07]
test_920,[5.5654710e-03 9.8308575e-01 1.1341592e-02 7.1138193e-06]
test_921,[4.0392589e-08 9.9998534e-01 1.4584492e-05 5.1060578e-10]
test_922,[9.9997652e-01 4.1971147e-09 2.3506935e-05 1.1297931e-09]
test_923,[1.3729870e-06 5.3584409e-01 4.6415433e-01 2.1823168e-07]
test_924,[1.3210198e-04 1.7771323e-05 9.9985015e-01 2.6391319e-08]
test_925,[5.1677045e-09 1.0000000e+00 1.8992919e-08 4.5681792e-09]
test_926,[1.212043e-07 6.071794e-08 9.999167e-01 8.314730e-05]
test_927,[3.1408928e-10 1.8176081e-10 1.0000000e+00 2.1245454e-10]
test_928,[1.6434491e-08 1.2061867e-07 1.9234385e-06 9.9999797e-01]
test_929,[5.8100857e-05 1.7412348e-03 9.9819165e-01 9.0225494e-06]
test_930,[3.7682470e-04 9.9962091e-01 3.8314354e-07 1.9194449e-06]
test_931,[9.5942978e-09 1.6556148e-06 9.9999833e-01 1.7323138e-11]
test_932,[2.4067043e-07 4.5027994e-07 9.9999928e-01 3.2093334e-10]
test_933,[2.3921991e-08 5.7897680e-11 4.1655750e-09 1.0000000e+00]
test_934,[1.3311412e-09 2.8631677e-09 7.0567921e-08 9.9999988e-01]
test_935,[2.2500883e-09 1.0000000e+00 2.4522879e-09 2.7869195e-11]
test_936,[2.6013027e-04 9.2088891e-04 9.9881697e-01 1.9771517e-06]
test_937,[3.2175445e-09 4.5653139e-09 4.1599794e-08 1.0000000e+00]
test_938,[2.3319519e-07 6.3375005e-04 9.9936599e-01 1.7023210e-08]
test_939,[8.8019063e-12 1.5013626e-13 4.0202813e-11 1.0000000e+00]
test_940,[1.3382963e-09 8.4313125e-09 9.7766986e-07 9.9999905e-01]
test_941,[2.3881564e-02 1.6303722e-02 9.5980519e-01 9.4972866e-06]
test_942,[4.5921752e-07 6.3009455e-04 9.9936944e-01 6.8979658e-09]
test_943,[5.0802651e-04 8.4692973e-01 1.5253295e-01 2.9310724e-05]
test_944,[1.3136390e-06 2.2333323e-03 9.9776518e-01 2.1609503e-07]
test_945,[1.0124428e-06 3.6154230e-04 9.9963748e-01 2.7052776e-08]
test_946,[1.4612184e-05 9.9993777e-01 4.7670499e-05 3.3208618e-08]
test_947,[4.2913445e-10 2.6634743e-06 9.9999738e-01 2.7149212e-12]
test_948,[3.6706344e-05 9.8920655e-01 1.0744962e-02 1.1793987e-05]
test_949,[2.1429349e-05 2.4759527e-03 9.9750215e-01 4.8623917e-07]
