test_0,[1.7793225e-04 9.4846183e-01 5.1353566e-02 6.6175139e-06]
test_1,[7.9169766e-08 3.7485086e-03 9.9625140e-01 3.7962109e-11]
test_2,[8.6012387e-06 8.3303171e-01 1.6695914e-01 4.5218940e-07]
test_3,[1.0080735e-07 9.6632719e-01 3.3672687e-02 7.6461131e-09]
test_4,[2.109174e-02 4.779427e-03 9.741201e-01 8.725724e-06]
test_5,[4.3041320e-04 4.4904612e-03 9.9507880e-01 3.8258727e-07]
test_6,[7.1079384e-08 9.9994695e-01 5.2976779e-05 5.7482130e-10]
test_7,[9.9934965e-01 6.4343581e-04 6.2574231e-06 5.9151478e-07]
test_8,[4.719708e-06 7.365878e-06 3.990142e-04 9.995889e-01]
test_9,[1.2301030e-03 7.9608001e-03 9.9079716e-01 1.1854709e-05]
test_10,[3.8017981e-07 9.9247897e-01 7.5206943e-03 2.4180866e-11]
test_11,[5.0370460e-07 4.0434259e-03 9.9595612e-01 2.0654218e-09]
test_12,[5.8201160e-03 7.6936030e-01 2.2481924e-01 3.7190526e-07]
test_13,[4.7791284e-05 5.3267695e-02 9.4668460e-01 1.7888960e-09]
test_14,[8.8268439e-07 9.9999046e-01 5.1156476e-06 3.5713792e-06]
test_15,[9.9699163e-01 3.0071174e-03 1.7600167e-08 1.2643180e-06]
test_16,[1.6041416e-06 1.4046248e-03 9.9859375e-01 1.1136567e-08]
test_17,[1.5164207e-01 8.0500287e-01 4.3334614e-02 2.0406835e-05]
test_18,[9.3906695e-01 1.3540841e-03 5.9578314e-02 6.7600587e-07]
test_19,[6.9137332e-06 1.0665431e-02 9.8932767e-01 1.0286376e-08]
test_20,[8.2245731e-07 2.2351092e-03 9.9776411e-01 1.5473186e-09]
test_21,[1.2513669e-05 1.5425023e-05 9.9955350e-01 4.1853430e-04]
test_22,[7.1355343e-01 6.3056313e-03 2.7959839e-01 5.4256717e-04]
test_23,[1.2940302e-01 3.2716601e-03 8.6714393e-01 1.8140553e-04]
test_24,[0.679465   0.00867152 0.3089713  0.00289222]
test_25,[9.9868470e-01 1.1871577e-04 1.1226248e-03 7.3882198e-05]
test_26,[9.9999535e-01 1.6523635e-06 1.3146080e-06 1.7293534e-06]
test_27,[4.0953832e-06 2.3716224e-05 9.9838281e-01 1.5893903e-03]
test_28,[2.3536527e-08 9.5213431e-01 4.7865707e-02 3.0942635e-10]
test_29,[9.9767095e-01 1.0230325e-03 1.2978909e-03 8.1185863e-06]
test_30,[3.9512815e-09 9.8811787e-01 1.1882149e-02 1.4527131e-10]
test_31,[2.3546080e-04 9.9700862e-01 2.7559558e-03 4.0123993e-08]
test_32,[7.5702592e-05 1.8270044e-03 9.9809724e-01 6.3610877e-08]
test_33,[4.2247379e-05 9.9803346e-01 1.9240762e-03 2.0193816e-07]
test_34,[3.1503226e-04 9.3965857e-05 3.9158646e-02 9.6043235e-01]
test_35,[3.8941243e-13 9.8963165e-01 1.0368333e-02 2.5921678e-12]
test_36,[2.8599799e-03 9.6541178e-01 3.1727560e-02 6.5534545e-07]
test_37,[8.2178967e-06 1.7316189e-02 9.8267555e-01 5.8503360e-08]
test_38,[2.8614716e-07 4.0480304e-03 9.9595177e-01 1.0329069e-09]
test_39,[8.7721146e-06 4.0440142e-01 5.9558976e-01 5.2710796e-09]
test_40,[1.52507855e-05 8.81018396e-03 9.91174579e-01 2.92311402e-08]
test_41,[6.6226901e-05 9.9752289e-01 2.4107867e-03 6.5080151e-08]
test_42,[2.8291008e-06 2.8667673e-05 9.9969125e-01 2.7728736e-04]
test_43,[9.4680136e-01 2.1798009e-02 3.1278327e-02 1.2227608e-04]
test_44,[7.9604067e-02 5.5682201e-02 8.6389750e-01 8.1617275e-04]
test_45,[8.0698192e-06 1.7805955e-03 9.9821091e-01 4.1815491e-07]
test_46,[3.5538771e-05 7.3836738e-04 1.9720810e-06 9.9922407e-01]
test_47,[1.3946134e-04 9.8697960e-01 1.2668899e-02 2.1197544e-04]
test_48,[1.7022630e-07 4.5461718e-08 1.1202711e-08 9.9999976e-01]
test_49,[1.6689658e-08 9.9949586e-01 5.0410093e-04 1.5563854e-09]
test_50,[9.9917322e-01 5.7897926e-04 2.6561204e-07 2.4753108e-04]
test_51,[3.9681877e-06 9.1407967e-01 8.5916325e-02 3.8761318e-08]
test_52,[9.696528e-10 9.999739e-01 2.606270e-05 9.885799e-09]
test_53,[4.8755556e-08 9.9995232e-01 4.6301102e-05 1.2905797e-06]
test_54,[9.9986887e-01 7.3333846e-05 5.0981147e-05 6.7487822e-06]
test_55,[3.0190513e-05 9.7979349e-01 2.0175718e-02 5.4718078e-07]
test_56,[6.8037637e-04 5.1502069e-03 9.9416476e-01 4.6999876e-06]
test_57,[9.4659877e-01 1.2756125e-02 4.0485952e-02 1.5914287e-04]
test_58,[6.8724482e-08 5.0227698e-03 9.9497706e-01 3.1028732e-10]
test_59,[4.7595282e-03 6.7813732e-02 9.2742598e-01 7.2442606e-07]
test_60,[1.7318386e-06 4.7855712e-03 9.9521059e-01 2.0593764e-06]
test_61,[4.8160974e-08 6.8786633e-01 3.1213364e-01 5.4565956e-11]
test_62,[9.9435061e-01 9.7148491e-05 5.5307220e-03 2.1477079e-05]
test_63,[1.6303617e-03 6.5397672e-02 9.3282950e-01 1.4250222e-04]
test_64,[2.2350991e-06 1.3560488e-05 9.9997604e-01 8.0827249e-06]
test_65,[1.2629593e-04 5.3584814e-02 9.4628739e-01 1.4656733e-06]
test_66,[5.089991e-04 2.956817e-01 7.038092e-01 8.011903e-08]
test_67,[1.3424560e-03 9.9861622e-01 3.8881386e-05 2.3368866e-06]
test_68,[3.1991075e-07 1.2223457e-02 9.8777616e-01 2.2081653e-10]
test_69,[7.7503810e-06 9.9294806e-01 7.0436550e-03 4.3890515e-07]
test_70,[1.3987924e-05 9.9957520e-01 4.1081457e-04 1.1988260e-09]
test_71,[1.2912648e-07 1.1146609e-02 9.8885322e-01 2.2889832e-08]
test_72,[3.3808628e-06 8.3960288e-08 4.6926532e-05 9.9994957e-01]
test_73,[4.9050228e-04 5.7824928e-01 4.2125902e-01 1.2481966e-06]
test_74,[9.9549073e-01 3.9492003e-04 4.0689483e-03 4.5432804e-05]
test_75,[8.3631022e-07 1.4575470e-02 9.8542374e-01 2.8205502e-10]
test_76,[2.4906776e-06 2.7140586e-05 9.9969804e-01 2.7236197e-04]
test_77,[3.5417834e-08 1.9613842e-03 9.9803859e-01 8.2288933e-12]
test_78,[1.6524536e-04 4.3862507e-02 9.5597208e-01 1.5215996e-07]
test_79,[9.99810159e-01 1.01399375e-04 3.51657145e-05 5.33202037e-05]
test_80,[3.8021746e-05 3.5795110e-04 9.9796569e-01 1.6383547e-03]
test_81,[9.9999321e-01 6.0617513e-06 6.1359873e-07 1.0562318e-07]
test_82,[6.0928705e-05 8.4063262e-01 1.5930624e-01 2.3842327e-07]
test_83,[8.8711997e-05 9.9793732e-01 1.9689475e-03 4.9717596e-06]
test_84,[8.7492663e-06 6.0608596e-01 3.9390504e-01 3.0032024e-07]
test_85,[7.7821676e-07 9.9819881e-01 1.8004207e-03 5.3451764e-08]
test_86,[9.9955469e-01 4.2106104e-04 9.0908372e-07 2.3302870e-05]
test_87,[2.3510122e-05 1.1003374e-02 9.8897052e-01 2.6718576e-06]
test_88,[9.2006985e-07 8.8482385e-04 9.9911422e-01 1.3704541e-08]
test_89,[2.9412286e-06 7.5229234e-03 9.9247402e-01 8.4120067e-08]
test_90,[1.7526831e-06 8.6362697e-06 9.9998891e-01 7.0452199e-07]
test_91,[1.5449742e-04 9.9387932e-01 5.9661684e-03 2.5608326e-08]
test_92,[2.1289635e-02 2.8410543e-02 9.5029902e-01 7.2187925e-07]
test_93,[8.5043030e-05 9.9990797e-01 5.4047027e-06 1.5719825e-06]
test_94,[5.2151063e-05 1.3074123e-03 9.9864024e-01 1.9003042e-07]
test_95,[1.5893394e-06 3.0460207e-02 9.6953535e-01 2.8279778e-06]
test_96,[1.907705e-04 6.974429e-02 9.300641e-01 8.149949e-07]
test_97,[2.6886499e-05 6.4079804e-06 7.5028242e-05 9.9989164e-01]
test_98,[8.6518390e-05 2.3077635e-01 7.6913643e-01 6.1073899e-07]
test_99,[9.92690504e-01 6.56144554e-03 6.32752897e-04 1.15287716e-04]
test_100,[9.9962318e-01 3.1314776e-04 8.9831047e-08 6.3540814e-05]
test_101,[3.7095277e-03 1.6829374e-04 9.1911662e-01 7.7005580e-02]
test_102,[1.9563286e-04 9.9932086e-01 4.8328444e-04 2.7836992e-07]
test_103,[2.8124353e-04 7.7341578e-04 9.9894387e-01 1.4702184e-06]
test_104,[9.9899834e-01 9.9868060e-04 1.0512732e-06 1.9149684e-06]
test_105,[4.2757958e-05 9.9965334e-01 1.6990093e-07 3.0371750e-04]
test_106,[9.9992943e-01 4.0490053e-05 2.7540049e-05 2.5702002e-06]
test_107,[5.7862359e-05 2.9457239e-02 9.7048461e-01 2.5516937e-07]
test_108,[3.4802934e-04 4.3982426e-03 9.9525309e-01 7.3595743e-07]
test_109,[3.8618768e-05 7.8483716e-02 9.2147744e-01 1.8244023e-07]
test_110,[1.8725456e-07 1.8904193e-01 8.1095785e-01 1.7212949e-09]
test_111,[9.9974185e-01 2.1643532e-04 4.1137613e-05 6.2540283e-07]
test_112,[1.6401266e-04 8.9284307e-01 1.0699204e-01 8.4509861e-07]
test_113,[7.4392986e-10 9.9903643e-01 9.6358685e-04 8.1338452e-12]
test_114,[1.4921284e-05 9.9663013e-01 3.3549815e-03 5.9168999e-09]
test_115,[3.5031829e-07 1.0329547e-03 9.9896669e-01 4.3555900e-08]
test_116,[0.9588552  0.01043402 0.02882251 0.00188825]
test_117,[4.0580710e-07 1.2230667e-03 9.9877650e-01 1.6148228e-08]
test_118,[4.9648798e-07 4.2928550e-03 9.9570674e-01 4.6151056e-09]
test_119,[9.9996507e-01 2.4594516e-05 6.7773153e-06 3.5916898e-06]
test_120,[1.5016473e-08 9.9839348e-01 1.6065381e-03 1.9994609e-10]
test_121,[7.2077090e-01 1.6201315e-02 2.6296893e-01 5.8857229e-05]
test_122,[1.1734519e-04 5.5827516e-01 4.4160673e-01 8.2741656e-07]
test_123,[9.9997771e-01 9.5501509e-06 1.2139182e-05 6.2571087e-07]
test_124,[2.7659686e-07 1.1240159e-03 9.9887568e-01 4.9733168e-10]
test_125,[1.5037383e-08 9.9947113e-01 5.2892638e-04 1.5894838e-10]
test_126,[2.1787997e-07 9.9972206e-01 2.7771722e-04 5.4193379e-09]
test_127,[1.6554623e-08 9.9986148e-01 1.3853557e-04 2.7637692e-10]
test_128,[4.5781544e-06 4.8743967e-02 9.5125157e-01 7.9779949e-10]
test_129,[9.9894112e-01 6.7116943e-04 2.6300826e-04 1.2466940e-04]
test_130,[9.8625594e-01 1.3742297e-02 4.1173723e-07 1.2101157e-06]
test_131,[5.7757376e-07 2.1704781e-01 7.8295165e-01 2.5187492e-09]
test_132,[1.9305361e-03 6.9555556e-03 9.9111193e-01 1.9334645e-06]
test_133,[9.9027693e-06 9.7981077e-01 2.0179229e-02 1.2373860e-07]
test_134,[6.5937405e-04 5.7634427e-03 9.9357694e-01 2.5862923e-07]
test_135,[8.5077650e-04 9.9856251e-01 5.8671035e-04 2.9557739e-08]
test_136,[5.2748197e-05 3.2846898e-02 9.6709979e-01 5.5767418e-07]
test_137,[1.4293131e-03 1.1008749e-02 9.8755974e-01 2.2251622e-06]
test_138,[9.9883944e-01 9.1117725e-04 1.4190588e-04 1.0744225e-04]
test_139,[9.8286980e-01 2.1409283e-03 3.7475329e-05 1.4951812e-02]
test_140,[1.26694975e-08 2.05472782e-02 9.79452729e-01 1.13098209e-09]
test_141,[1.5851894e-05 2.6067887e-02 9.7391587e-01 3.6407255e-07]
test_142,[1.3755587e-05 9.9738711e-01 2.5990496e-03 1.5566799e-07]
test_143,[9.0768421e-01 9.0342619e-02 5.4095619e-07 1.9725924e-03]
test_144,[1.5937662e-06 9.9999845e-01 7.1889916e-09 8.2705975e-09]
test_145,[1.3319261e-05 8.5944505e-03 9.9139214e-01 2.5274295e-08]
test_146,[4.0648400e-04 9.9273783e-01 6.8548666e-03 8.4457690e-07]
test_147,[9.9984074e-01 3.1143194e-05 1.2770119e-04 4.2114954e-07]
test_148,[4.8633289e-01 2.3901154e-01 2.7446488e-01 1.9073140e-04]
test_149,[5.5531773e-04 2.4650259e-02 9.7479397e-01 4.4497139e-07]
test_150,[1.9968082e-05 9.9379408e-01 6.1843870e-03 1.5100143e-06]
test_151,[9.3627197e-05 6.8806577e-03 1.0878278e-02 9.8214746e-01]
test_152,[9.9950469e-01 4.9256493e-04 2.6950676e-07 2.5251088e-06]
test_153,[1.0560275e-06 1.4364373e-02 9.8563462e-01 9.7630899e-09]
test_154,[8.5331130e-01 4.7159707e-03 2.7563406e-06 1.4197002e-01]
test_155,[3.9931765e-04 2.4824282e-03 9.9711823e-01 5.4572595e-08]
test_156,[9.9932897e-01 6.6865422e-04 1.2292874e-07 2.3004966e-06]
test_157,[5.0215538e-05 9.8929019e-04 9.9896014e-01 3.3013120e-07]
test_158,[4.9902326e-07 1.7263193e-01 8.2736748e-01 5.1508028e-08]
test_159,[2.8860704e-05 8.2025090e-03 9.9176860e-01 6.4565273e-09]
test_160,[2.5687448e-03 9.9664527e-01 7.8540982e-04 6.4471402e-07]
test_161,[9.9262458e-01 8.6983235e-04 6.4203423e-03 8.5255568e-05]
test_162,[9.5001287e-06 9.9972910e-01 2.6140356e-04 1.8207604e-08]
test_163,[9.9989831e-01 8.3484570e-05 1.3586901e-05 4.5568790e-06]
test_164,[3.0439590e-10 9.9999917e-01 8.8757452e-07 1.6062908e-11]
test_165,[4.7988911e-09 9.9999762e-01 2.3476991e-06 1.0535036e-08]
test_166,[9.2262924e-01 2.5330428e-03 7.4828133e-02 9.5845289e-06]
test_167,[1.8470770e-09 2.9484788e-03 9.9705148e-01 9.7772224e-12]
test_168,[1.77474953e-06 1.72272753e-02 9.82770979e-01 1.47477355e-08]
test_169,[3.0152469e-07 6.4136046e-05 1.6690679e-05 9.9991882e-01]
test_170,[2.5856805e-05 2.1993725e-03 9.9777466e-01 9.7141736e-08]
test_171,[9.9999177e-01 1.8669035e-06 6.2726922e-06 8.3688668e-08]
test_172,[3.1528291e-09 9.9998927e-01 1.0754126e-05 1.4905705e-08]
test_173,[1.0363054e-06 9.9999177e-01 7.1079794e-06 1.4870622e-07]
test_174,[1.27901885e-05 4.83321771e-03 9.95153904e-01 1.17191572e-08]
test_175,[2.8119265e-07 9.9836081e-01 1.6380642e-03 8.2712398e-07]
test_176,[9.7221768e-01 2.7130470e-02 4.7074680e-04 1.8108173e-04]
test_177,[8.0830896e-01 4.0924117e-02 1.5068291e-01 8.3944760e-05]
test_178,[7.3961040e-08 9.9999607e-01 3.9040683e-06 5.3527290e-11]
test_179,[9.2447942e-01 7.4305512e-02 1.0054569e-03 2.0964387e-04]
test_180,[6.1827009e-08 9.9980658e-01 1.9341186e-04 1.4210106e-09]
test_181,[9.9860281e-01 4.4714593e-04 9.4823964e-04 1.7392238e-06]
test_182,[1.3832381e-03 8.4010172e-01 1.5851480e-01 1.8803408e-07]
test_183,[1.0299353e-03 3.4154311e-03 9.9547392e-01 8.0714395e-05]
test_184,[9.9788648e-01 9.1090548e-04 1.1918588e-03 1.0737440e-05]
test_185,[1.3666612e-04 2.7111053e-01 7.2875255e-01 2.8453783e-07]
test_186,[5.8391601e-02 9.4156808e-01 3.4346609e-05 5.9334666e-06]
test_187,[1.3103389e-10 9.9899775e-01 1.0022885e-03 1.9347537e-10]
test_188,[4.6482546e-07 1.3735343e-03 9.9862599e-01 5.4131012e-11]
test_189,[2.2297862e-03 9.9671775e-01 1.0515722e-03 8.2791468e-07]
test_190,[4.1973490e-02 7.0346457e-01 2.5451571e-01 4.6217425e-05]
test_191,[2.7421111e-04 1.5270077e-01 8.4702426e-01 7.1446738e-07]
test_192,[4.2361782e-07 2.2404885e-03 9.9775898e-01 1.9317696e-09]
test_193,[6.4973642e-06 1.8109297e-02 9.8188400e-01 1.6454982e-07]
test_194,[9.9999440e-01 7.9310087e-07 4.1884750e-06 6.5990844e-07]
test_195,[4.9924436e-03 2.3109121e-02 9.7189403e-01 4.3941063e-06]
test_196,[4.2600397e-05 1.0466844e-01 8.9528900e-01 2.1834969e-08]
test_197,[1.6624482e-06 1.7052384e-02 9.8294592e-01 3.3214005e-09]
test_198,[1.7308019e-01 7.0143420e-01 1.2548444e-01 1.1760161e-06]
test_199,[7.7599310e-08 9.8204780e-01 1.7952181e-02 1.8695587e-08]
test_200,[1.3512121e-06 2.0247357e-02 9.7975117e-01 1.1691557e-08]
test_201,[1.1172115e-05 5.6083119e-01 4.3913138e-01 2.6227484e-05]
test_202,[4.1510052e-06 9.9511141e-01 4.8844814e-03 5.0319315e-08]
test_203,[1.420293e-05 1.814889e-03 9.981710e-01 2.015006e-09]
test_204,[9.9878186e-01 1.2243773e-04 9.3885267e-04 1.5691972e-04]
test_205,[4.6713866e-04 5.7038075e-01 4.2915058e-01 1.5970304e-06]
test_206,[5.1092684e-05 1.9772792e-02 9.8017591e-01 2.0660761e-07]
test_207,[8.4646755e-01 3.6298332e-03 1.4988180e-01 2.0784331e-05]
test_208,[1.5416245e-07 5.7473867e-03 9.9425250e-01 2.7605598e-09]
test_209,[2.0660563e-04 9.9777704e-01 2.0159194e-03 4.2284043e-07]
test_210,[9.7693229e-01 1.5691121e-03 2.1492891e-02 5.6755266e-06]
test_211,[1.38362168e-06 9.99889851e-01 1.08730324e-04 4.24013678e-08]
test_212,[1.0695636e-05 1.1269001e-02 9.8872024e-01 3.1988677e-08]
test_213,[2.1100703e-05 3.2199172e-03 9.9675876e-01 1.6152940e-07]
test_214,[7.9416114e-01 2.0450747e-01 1.2602129e-03 7.1266251e-05]
test_215,[4.3260547e-07 1.1519737e-03 9.9884748e-01 5.9531802e-10]
test_216,[1.0817026e-06 4.2029880e-03 9.9579597e-01 4.9394450e-10]
test_217,[4.20012948e-05 1.02982959e-02 9.89542842e-01 1.16813666e-04]
test_218,[8.7725336e-04 1.4230845e-02 9.8489052e-01 1.3704109e-06]
test_219,[1.9837155e-06 5.4771537e-03 9.9452078e-01 6.8712488e-08]
test_220,[6.9056296e-06 9.1558111e-01 8.4411457e-02 5.7067643e-07]
test_221,[1.8134399e-04 3.1354684e-02 9.6846384e-01 1.2102004e-07]
test_222,[4.6589062e-07 9.3553579e-01 6.4459197e-02 4.5407755e-06]
test_223,[4.3960358e-04 1.6909279e-03 7.6215845e-01 2.3571107e-01]
test_224,[2.0569153e-06 1.0731118e-03 9.9892479e-01 1.0852907e-08]
test_225,[0.9618892  0.00605764 0.02086755 0.01118559]
test_226,[9.8246956e-01 2.3960317e-03 1.5012078e-02 1.2242619e-04]
test_227,[2.89540569e-08 9.99986649e-01 1.33141575e-05 6.39701681e-10]
test_228,[2.1964572e-10 5.7211590e-01 4.2788410e-01 1.9545849e-12]
test_229,[9.9977928e-01 1.5812235e-04 5.2002924e-05 1.0611383e-05]
test_230,[0.72067094 0.01483174 0.26206127 0.00243614]
test_231,[9.9492365e-01 5.0591407e-03 1.4911596e-05 2.3078501e-06]
test_232,[1.0129770e-04 1.9154842e-03 9.9798310e-01 1.6888907e-07]
test_233,[6.2798978e-07 3.2360384e-03 9.9676335e-01 8.8076801e-10]
test_234,[3.5903415e-06 5.4990023e-02 9.4500637e-01 9.3265955e-09]
test_235,[1.4244310e-06 3.0680120e-03 9.9693054e-01 8.2242551e-09]
test_236,[2.6491771e-06 1.3723194e-05 4.5655591e-07 9.9998319e-01]
test_237,[5.4749162e-06 1.2388360e-02 9.8760611e-01 3.5052472e-09]
test_238,[4.2394740e-07 1.4012395e-01 8.5987562e-01 4.9489818e-10]
test_239,[2.5087167e-04 3.3321865e-02 9.6642202e-01 5.1520651e-06]
test_240,[1.07882355e-04 9.81270850e-01 1.86152644e-02 6.01340298e-06]
test_241,[9.9537498e-01 2.0984707e-04 4.3928572e-03 2.2386103e-05]
test_242,[1.3586337e-02 6.2552686e-03 9.8014796e-01 1.0445084e-05]
test_243,[3.5470202e-07 3.1391896e-02 9.6860772e-01 2.2381190e-09]
test_244,[9.9996793e-01 2.6421416e-05 5.0756666e-09 5.6953490e-06]
test_245,[8.2268601e-04 9.9728167e-01 1.8669674e-03 2.8593367e-05]
test_246,[0.00366884 0.00540955 0.98969686 0.00122482]
test_247,[1.4544239e-10 4.6564311e-02 9.5343566e-01 2.0671227e-13]
test_248,[1.5724622e-04 9.9137270e-01 8.4689837e-03 1.0724599e-06]
test_249,[4.6435588e-08 2.1390637e-02 9.7860932e-01 4.8455240e-11]
test_250,[1.7213442e-05 2.5190445e-02 9.7479236e-01 9.8098267e-09]
test_251,[7.2946555e-06 4.2792480e-03 9.9571347e-01 1.5981710e-08]
test_252,[1.1631721e-04 2.0201551e-03 9.9786347e-01 3.8085002e-08]
test_253,[2.8050279e-05 9.9988365e-01 6.3154250e-05 2.5200135e-05]
test_254,[7.4625462e-03 1.0073660e-03 9.9152935e-01 7.4953908e-07]
test_255,[1.2744265e-03 1.3630393e-01 8.6240774e-01 1.3988855e-05]
test_256,[9.9676126e-01 1.7932463e-04 4.3859159e-06 3.0550365e-03]
test_257,[3.4035325e-05 9.8654073e-01 1.3425016e-02 2.4605717e-07]
test_258,[9.9734312e-01 1.8575576e-03 7.8725378e-04 1.2017506e-05]
test_259,[6.8290190e-10 9.9984515e-01 1.5488296e-04 5.7651670e-12]
test_260,[3.0964909e-06 4.5625665e-03 9.9543434e-01 2.0091262e-08]
test_261,[3.3259272e-04 3.2977577e-02 9.6668798e-01 1.8775581e-06]
test_262,[2.3264460e-05 2.5444955e-04 9.8635733e-01 1.3364900e-02]
test_263,[3.8333714e-09 9.2826957e-01 7.1730398e-02 9.5846948e-11]
test_264,[9.4534189e-06 9.9999011e-01 4.3842627e-07 2.5793334e-10]
test_265,[3.5648299e-07 1.7017294e-03 9.9829799e-01 1.0450617e-09]
test_266,[1.2039336e-03 8.9186656e-01 1.0682529e-01 1.0420455e-04]
test_267,[2.4232329e-06 3.4358138e-03 9.9656183e-01 1.5396235e-08]
test_268,[4.4394004e-05 1.6242061e-04 9.9972779e-01 6.5374064e-05]
test_269,[6.2549510e-03 9.9372631e-01 1.1508998e-05 7.2846192e-06]
test_270,[9.8892176e-01 1.1013623e-02 6.3909101e-05 7.6097291e-07]
test_271,[8.646080e-06 6.641441e-01 3.358472e-01 6.438679e-08]
test_272,[2.2001741e-03 1.9129924e-03 7.6729449e-08 9.9588674e-01]
test_273,[1.0567858e-03 1.2828193e-02 8.2629337e-04 9.8528880e-01]
test_274,[1.3856273e-07 1.5858086e-10 3.6513670e-10 9.9999988e-01]
test_275,[4.6639794e-05 5.9982245e-05 1.7609112e-02 9.8228431e-01]
test_276,[5.3058893e-06 8.7238150e-04 9.9912220e-01 4.1637623e-08]
test_277,[8.5943495e-11 9.9510902e-01 4.8909495e-03 2.3336188e-12]
test_278,[2.0948057e-03 1.3264175e-02 9.8464060e-01 4.1719227e-07]
test_279,[2.5929305e-07 9.9942422e-01 5.7551620e-04 1.8176162e-09]
test_280,[3.1625284e-08 9.9012810e-01 9.8718349e-03 3.2068487e-10]
test_281,[9.9999118e-01 7.9348529e-06 7.6533604e-07 1.6339014e-07]
test_282,[8.1997923e-06 1.2477509e-03 9.9874401e-01 1.9227024e-09]
test_283,[1.717259e-04 5.738755e-03 9.940895e-01 7.524808e-08]
test_284,[2.1897192e-06 3.9201179e-03 9.9607760e-01 1.0623782e-07]
test_285,[1.07429386e-07 3.56167904e-03 9.96438146e-01 2.15920331e-08]
test_286,[1.3028728e-04 9.9820364e-01 1.6648170e-03 1.2477876e-06]
test_287,[3.4485414e-04 1.6315326e-01 8.3649862e-01 3.3132430e-06]
test_288,[2.2512630e-08 1.7103362e-01 8.2896644e-01 2.1228008e-10]
test_289,[8.7790913e-06 3.9732181e-03 9.9601799e-01 1.4683959e-08]
test_290,[7.1373732e-05 1.2617102e-03 9.9866676e-01 1.0844026e-07]
test_291,[1.8539174e-03 8.5205967e-05 9.9649614e-01 1.5648277e-03]
test_292,[1.4975872e-09 9.9983561e-01 1.6439789e-04 1.3220129e-11]
test_293,[8.1949967e-09 8.6034667e-01 1.3965330e-01 1.0822358e-10]
test_294,[9.35352325e-01 6.42806962e-02 2.58183660e-04 1.08865315e-04]
test_295,[2.5159603e-03 1.5796447e-02 9.8168564e-01 1.9650222e-06]
test_296,[1.7492544e-04 9.9977201e-01 1.2397867e-05 4.0650189e-05]
test_297,[6.3133098e-07 3.6929140e-03 9.9630654e-01 2.6532819e-08]
test_298,[1.11129204e-07 1.64222438e-02 9.83577609e-01 3.56055585e-09]
test_299,[1.7501941e-08 4.0065545e-01 5.9934449e-01 7.3533723e-12]
test_300,[1.7257778e-05 6.8868436e-03 9.9309582e-01 5.0828142e-08]
test_301,[6.5206711e-09 9.9979311e-01 2.0685967e-04 3.6712001e-12]
test_302,[5.7674347e-06 1.2734480e-03 9.9872082e-01 1.9929326e-08]
test_303,[2.4418250e-06 5.9490192e-01 4.0509555e-01 4.5702688e-08]
test_304,[1.9827198e-10 3.7897474e-01 6.2102526e-01 5.3919920e-12]
test_305,[9.9999392e-01 5.7521579e-06 4.2464421e-10 2.7484384e-07]
test_306,[9.9996769e-01 3.0496707e-05 8.4240440e-08 1.6379905e-06]
test_307,[9.9990332e-01 4.2134787e-05 3.7378017e-05 1.7086046e-05]
test_308,[3.5701579e-08 9.9989164e-01 1.0832583e-04 9.2178948e-10]
test_309,[1.5856100e-04 9.3119387e-03 9.9052787e-01 1.6128869e-06]
test_310,[6.6371126e-06 9.9844944e-01 1.5428999e-03 9.0425709e-07]
test_311,[2.7436666e-02 9.7240686e-01 1.4798064e-04 8.4546346e-06]
test_312,[2.9373422e-04 8.4260666e-01 1.5676339e-01 3.3623457e-04]
test_313,[5.148745e-06 3.441836e-02 9.655764e-01 7.662796e-08]
test_314,[9.9593312e-01 3.7336699e-03 3.6302831e-07 3.3293769e-04]
test_315,[6.2813160e-05 3.3903683e-03 9.9654645e-01 3.8065963e-07]
test_316,[1.2495840e-04 7.9388445e-04 9.9908113e-01 7.4689851e-08]
test_317,[3.3026870e-05 6.9996361e-08 6.6689449e-07 9.9996614e-01]
test_318,[4.7081440e-07 9.9988747e-01 1.1208058e-04 2.1488182e-10]
test_319,[1.7345004e-06 6.4107466e-01 3.5892367e-01 1.8825000e-10]
test_320,[2.3588635e-05 9.9479735e-01 5.1789912e-03 2.2009415e-08]
test_321,[2.7312319e-07 9.9944454e-01 5.5517355e-04 1.9707130e-08]
test_322,[4.9355731e-06 9.9080151e-01 9.1936234e-03 2.1714603e-08]
test_323,[9.9874359e-01 1.1472878e-03 9.1171123e-06 1.0001875e-04]
test_324,[3.2255105e-09 9.9832958e-01 1.6703709e-03 1.1505436e-12]
test_325,[2.2371300e-06 3.7090979e-03 9.9628866e-01 8.2622309e-09]
test_326,[3.4816441e-04 9.9855393e-01 1.0971692e-03 7.0858187e-07]
test_327,[2.4948262e-08 9.8859507e-01 1.1404895e-02 5.9851443e-11]
test_328,[3.94783478e-04 8.85048389e-01 1.14556216e-01 6.07608740e-07]
test_329,[3.7651116e-05 1.7512855e-01 8.2483375e-01 7.2644006e-09]
test_330,[4.0229168e-08 6.3823186e-02 9.3617684e-01 3.7594303e-12]
test_331,[7.2281092e-02 5.0841770e-03 9.2263299e-01 1.7361825e-06]
test_332,[1.0440435e-03 9.3146658e-01 6.7488603e-02 7.7308817e-07]
test_333,[8.0608788e-06 3.3440031e-02 9.6655190e-01 1.3252836e-08]
test_334,[6.6506822e-09 4.2482357e-02 9.5751762e-01 1.0878299e-11]
test_335,[1.1579936e-10 9.9945825e-01 5.4179935e-04 3.7917818e-11]
test_336,[9.8482805e-01 2.1364922e-03 1.3023257e-02 1.2217014e-05]
test_337,[1.2971029e-04 3.2070966e-05 8.0559151e-03 9.9178231e-01]
test_338,[7.46868609e-05 1.07542204e-04 9.99650478e-01 1.67215898e-04]
test_339,[9.9994385e-01 5.5026838e-05 4.7382812e-08 1.0774265e-06]
test_340,[4.7892957e-08 9.9999452e-01 5.3914350e-06 2.0071059e-11]
test_341,[3.9749011e-07 1.1044674e-01 8.8955283e-01 7.4077509e-09]
test_342,[3.3307373e-07 1.4317217e-06 9.9998736e-01 1.0865711e-05]
test_343,[1.1911949e-07 1.1409541e-02 9.8859030e-01 1.3558450e-09]
test_344,[4.6561230e-02 2.2837448e-01 7.2463697e-01 4.2735293e-04]
test_345,[6.2715897e-04 2.9727656e-02 9.6964461e-01 5.5903979e-07]
test_346,[5.8251311e-04 4.1127633e-02 9.5828974e-01 7.4371940e-08]
test_347,[5.1539886e-04 6.9939526e-04 9.9543989e-01 3.3453708e-03]
test_348,[1.3416130e-05 9.9573898e-01 4.2473110e-03 1.8386197e-07]
test_349,[1.5897842e-04 3.1111434e-03 9.9672866e-01 1.2247150e-06]
test_350,[2.1746221e-04 3.1631866e-01 6.8346262e-01 1.2408702e-06]
test_351,[8.4950775e-01 1.5026768e-01 5.1693446e-06 2.1936552e-04]
test_352,[9.1178386e-08 9.9997449e-01 2.5401107e-05 2.9958390e-08]
test_353,[2.1106037e-03 8.7391920e-02 9.1049707e-01 5.0904487e-07]
test_354,[4.5022548e-06 8.6996540e-02 9.1299886e-01 1.0139593e-07]
test_355,[7.5244361e-01 2.4394882e-01 3.1051326e-03 5.0240342e-04]
test_356,[4.1777010e-05 9.9995792e-01 8.0567958e-10 3.3756604e-07]
test_357,[2.9481112e-04 2.2317328e-01 7.7653176e-01 9.8216688e-08]
test_358,[1.6101465e-06 1.8284098e-03 9.9816990e-01 2.5685527e-09]
test_359,[2.1517744e-06 6.3750027e-03 9.9362272e-01 2.0672555e-07]
test_360,[2.4881482e-04 6.3135810e-03 9.9343723e-01 3.0968204e-07]
test_361,[2.4193919e-01 7.5445127e-01 1.5736594e-04 3.4521206e-03]
test_362,[2.1385111e-07 5.5393450e-08 1.0745908e-06 9.9999869e-01]
test_363,[2.9506156e-08 9.9967396e-01 3.2596927e-04 7.7621354e-11]
test_364,[8.2321239e-05 1.7687632e-03 9.9814880e-01 7.5256061e-08]
test_365,[9.9982315e-01 6.5828663e-06 1.3282913e-09 1.7029601e-04]
test_366,[9.9916983e-01 2.1874171e-04 5.8518565e-04 2.6313710e-05]
test_367,[8.90847564e-01 1.58085348e-03 1.07447244e-01 1.24311016e-04]
test_368,[1.3661205e-05 4.5999914e-04 9.9952626e-01 2.8195304e-08]
test_369,[2.4943433e-06 2.8375522e-05 9.9994218e-01 2.6879372e-05]
test_370,[4.32106026e-04 1.99856958e-03 9.97569144e-01 1.09957234e-07]
test_371,[1.4133479e-04 9.9985194e-01 6.3656444e-06 3.4287277e-07]
test_372,[1.1274940e-02 8.9927334e-01 8.9414872e-02 3.6917187e-05]
test_373,[1.5828752e-07 3.0090483e-03 9.9699080e-01 6.1368444e-10]
test_374,[1.8659142e-06 2.0009971e-03 9.9799711e-01 5.4218665e-09]
test_375,[1.3271266e-03 1.4456394e-02 9.8421627e-01 2.2872418e-07]
test_376,[6.4534419e-08 4.4550124e-01 5.5449867e-01 1.0550564e-09]
test_377,[1.2424637e-03 1.9746324e-02 9.7900289e-01 8.2786446e-06]
test_378,[4.7430484e-07 2.7051428e-03 9.9729437e-01 5.2702069e-09]
test_379,[1.1998090e-06 1.0221386e-03 9.9897671e-01 1.0099422e-09]
test_380,[6.0175381e-08 2.2802548e-02 9.7719735e-01 4.6272064e-10]
test_381,[2.7401373e-07 2.9526534e-02 9.7047329e-01 5.8008476e-11]
test_382,[3.459450e-06 6.084547e-01 3.915418e-01 4.080067e-08]
test_383,[3.6585316e-08 9.9984944e-01 1.5048789e-04 9.1661018e-10]
test_384,[0.40390942 0.03109367 0.56369215 0.00130478]
test_385,[2.3416331e-02 4.2385828e-01 5.5272162e-01 3.7269392e-06]
test_386,[5.7904009e-07 4.6969622e-01 5.3030318e-01 3.8797929e-10]
test_387,[5.6508429e-09 1.1212487e-03 9.9887878e-01 1.5354563e-10]
test_388,[3.2135509e-07 1.2635601e-02 9.8736399e-01 6.0698258e-10]
test_389,[1.8832756e-05 1.8349869e-05 9.9967337e-01 2.8951484e-04]
test_390,[3.1048748e-06 3.7264384e-03 9.9627042e-01 4.8479558e-09]
test_391,[9.9310702e-01 5.8646644e-03 2.5204840e-04 7.7629706e-04]
test_392,[2.7477324e-06 1.3033219e-05 8.4224821e-06 9.9997580e-01]
test_393,[9.999567e-01 8.483619e-06 8.302309e-06 2.643836e-05]
test_394,[3.6576450e-05 1.2955932e-04 9.9957138e-01 2.6249242e-04]
test_395,[6.2218554e-05 1.4949346e-02 9.8498768e-01 7.2595111e-07]
test_396,[1.1474241e-06 1.5213302e-02 9.8478556e-01 1.0285889e-09]
test_397,[1.2522944e-05 1.3955981e-02 9.8603141e-01 2.5418041e-08]
test_398,[8.7066571e-04 2.0745032e-02 9.7782373e-01 5.6056632e-04]
test_399,[2.7114935e-05 8.6227890e-05 9.9803239e-01 1.8542166e-03]
test_400,[2.0234909e-06 2.7260521e-09 1.0166855e-08 9.9999797e-01]
test_401,[9.9531639e-01 1.4113678e-05 4.5270761e-03 1.4243386e-04]
test_402,[9.9747580e-01 2.5101958e-03 7.4244213e-06 6.6647804e-06]
test_403,[1.1093621e-06 5.6106251e-01 4.3893644e-01 4.1973163e-09]
test_404,[5.8001609e-07 3.1173159e-03 9.9688208e-01 1.6201488e-09]
test_405,[7.03583995e-04 1.27712395e-02 9.85891521e-01 6.33641495e-04]
test_406,[9.5105195e-01 2.4951587e-03 4.6407159e-02 4.5838620e-05]
test_407,[5.5128811e-03 9.8181331e-01 1.2671303e-02 2.4592907e-06]
test_408,[6.2169282e-05 2.3421105e-02 9.7651666e-01 9.2274547e-08]
test_409,[4.5466884e-05 9.3465373e-03 9.9060798e-01 7.4731936e-09]
test_410,[7.1192477e-07 5.5020905e-01 4.4979021e-01 2.2082034e-09]
test_411,[8.0696091e-06 3.3070825e-03 9.9668485e-01 3.5163468e-09]
test_412,[7.0547731e-07 9.9650168e-01 3.4976595e-03 1.6680939e-08]
test_413,[2.9432088e-06 9.9955124e-01 4.4468092e-04 1.0420742e-06]
test_414,[8.3393550e-01 2.6672269e-04 1.6578500e-01 1.2751256e-05]
test_415,[2.08347148e-04 3.47345625e-03 9.96318102e-01 1.18736914e-07]
test_416,[6.2678987e-04 3.8625477e-03 9.9550653e-01 4.0532477e-06]
test_417,[9.9997139e-01 3.9965008e-07 8.3924090e-10 2.8216838e-05]
test_418,[9.8532307e-01 8.2727848e-04 1.3834643e-02 1.5014389e-05]
test_419,[2.6676539e-06 9.9707019e-01 2.9247012e-03 2.3322789e-06]
test_420,[9.9995625e-01 3.7233091e-05 3.1376812e-06 3.3799540e-06]
test_421,[5.9927807e-08 4.1816514e-03 9.9581820e-01 1.8961514e-10]
test_422,[7.6953438e-05 1.4376819e-01 8.5615414e-01 6.6853710e-07]
test_423,[2.2053607e-11 9.6754074e-01 3.2459266e-02 3.4367425e-13]
test_424,[2.4569270e-01 1.5184030e-02 7.3876959e-01 3.5371428e-04]
test_425,[2.3316377e-06 9.9723732e-01 2.7603607e-03 2.1715019e-10]
test_426,[4.0896193e-06 2.7472607e-03 9.9724859e-01 5.4264177e-08]
test_427,[1.7193361e-07 9.9997818e-01 2.1697149e-05 1.4718179e-08]
test_428,[1.1020893e-07 9.9404353e-01 5.9563741e-03 2.7797806e-09]
test_429,[1.4378340e-07 2.2096327e-03 9.9779022e-01 4.4844725e-10]
test_430,[1.1778725e-05 5.0660563e-03 9.9492210e-01 9.1714426e-08]
test_431,[5.1297029e-03 7.2618790e-02 9.2225093e-01 6.1117885e-07]
test_432,[9.7586747e-07 3.5907726e-03 9.9640828e-01 8.8785208e-11]
test_433,[8.9735846e-04 1.7648792e-03 9.2594850e-01 7.1389221e-02]
test_434,[2.9116904e-06 9.9757475e-01 2.4219828e-03 4.1279662e-07]
test_435,[1.1302912e-05 3.4530112e-04 9.9836999e-01 1.2733684e-03]
test_436,[7.9992387e-05 1.7056208e-02 9.8286361e-01 2.1499046e-07]
test_437,[1.3768363e-03 8.6072953e-03 9.9001557e-01 3.4225536e-07]
test_438,[1.5206182e-05 2.8362110e-05 9.9985087e-01 1.0544065e-04]
test_439,[2.8923344e-07 2.1247542e-03 9.9787498e-01 6.0465055e-10]
test_440,[5.6454983e-06 2.7401694e-03 9.9725419e-01 1.3381556e-09]
test_441,[6.2527668e-08 1.6127877e-03 9.9838710e-01 6.8299288e-10]
test_442,[2.0087120e-06 1.4498726e-02 9.8549926e-01 6.8641332e-10]
test_443,[8.0354755e-07 3.7048308e-06 9.9980146e-01 1.9407789e-04]
test_444,[8.1780836e-06 7.3590857e-04 9.9925584e-01 3.8554600e-08]
test_445,[8.4552103e-06 1.6210116e-06 1.1960327e-07 9.9998975e-01]
test_446,[2.5820034e-04 3.3707003e-04 9.8621076e-01 1.3194051e-02]
test_447,[7.477976e-09 1.085301e-08 8.066738e-08 9.999999e-01]
test_448,[2.2534437e-04 5.6229341e-03 9.9415094e-01 8.5908670e-07]
test_449,[5.2411767e-04 1.1636972e-02 9.8783743e-01 1.3690443e-06]
test_450,[9.7177108e-05 1.0859713e-02 9.8904282e-01 3.7881512e-07]
test_451,[1.5197784e-05 9.5090794e-04 9.9903381e-01 3.3800851e-09]
test_452,[4.7923291e-05 2.2480534e-04 8.2769208e-03 9.9145037e-01]
test_453,[3.0461315e-04 5.1290165e-03 9.9456549e-01 8.8800363e-07]
test_454,[4.099939e-07 5.863501e-03 9.941361e-01 5.384485e-09]
test_455,[7.4336841e-04 1.0583659e-01 8.9340305e-01 1.6990769e-05]
test_456,[1.5112625e-04 7.8627042e-02 9.2122179e-01 8.0409592e-08]
test_457,[9.9994743e-01 1.5734657e-05 3.6568166e-05 2.3918125e-07]
test_458,[4.8906268e-03 4.8832706e-04 9.9462032e-01 7.2439832e-07]
test_459,[9.9979895e-01 7.3408693e-05 1.2542368e-04 2.3044031e-06]
test_460,[8.1550922e-08 2.1827910e-03 9.9781704e-01 9.3951313e-10]
test_461,[2.3697345e-05 8.6824168e-03 9.9129373e-01 1.6564897e-07]
test_462,[4.9339296e-12 9.2749685e-01 7.2503202e-02 6.4795988e-14]
test_463,[6.9115008e-06 2.1817212e-03 9.9781138e-01 2.2751687e-08]
test_464,[9.9995458e-01 8.1192484e-06 3.9505363e-09 3.7297355e-05]
test_465,[3.9812713e-04 3.6733495e-03 9.9592847e-01 7.6705881e-08]
test_466,[9.9998927e-01 1.0145275e-06 4.2911605e-11 9.7632665e-06]
test_467,[1.9661866e-07 3.3628900e-02 9.6637082e-01 3.7508383e-09]
test_468,[6.4237000e-05 9.9991417e-01 2.0392090e-05 1.1604693e-06]
test_469,[2.8668905e-08 9.9887711e-01 1.1228240e-03 5.4546939e-10]
test_470,[2.1224207e-06 2.7006507e-02 9.7299111e-01 2.1739307e-07]
test_471,[3.2024633e-04 1.0845485e-03 9.9859434e-01 8.3755430e-07]
test_472,[2.8068896e-06 9.9828511e-01 1.7118512e-03 2.6473319e-07]
test_473,[3.2205633e-03 2.1370243e-01 7.8306389e-01 1.3137352e-05]
test_474,[1.6860322e-07 1.7964255e-02 9.8203558e-01 1.3555616e-08]
test_475,[9.779593e-01 8.385159e-03 1.359795e-02 5.754578e-05]
test_476,[4.1179399e-05 2.9845996e-02 9.7011256e-01 2.1096945e-07]
test_477,[5.8857995e-07 3.7828020e-03 9.9621660e-01 3.0861695e-09]
test_478,[1.4084410e-04 9.4780093e-01 5.2058157e-02 4.2148443e-08]
test_479,[4.5162236e-05 1.3896046e-02 9.8605877e-01 7.0851702e-09]
test_480,[5.4922907e-06 9.8234713e-01 1.7647410e-02 4.6586441e-09]
test_481,[2.5571533e-04 1.1441883e-02 9.8830205e-01 4.4914435e-07]
test_482,[2.9942992e-05 2.4287154e-03 9.9754131e-01 5.5544609e-09]
test_483,[8.3874011e-06 9.9966717e-01 3.2441394e-04 1.6605034e-08]
test_484,[3.4720019e-10 9.9961925e-01 3.8074524e-04 2.2622930e-10]
test_485,[3.5600502e-07 2.2131612e-06 3.4703527e-05 9.9996269e-01]
test_486,[1.3943396e-03 1.2790451e-06 1.5086229e-03 9.9709570e-01]
test_487,[9.9995768e-01 1.2669261e-06 3.6040346e-05 5.0693725e-06]
test_488,[6.2469724e-08 5.8069951e-03 9.9419290e-01 1.3917931e-10]
test_489,[3.7818402e-06 8.6886108e-02 9.1310877e-01 1.3065314e-06]
test_490,[2.5213501e-05 2.1296730e-03 9.9784410e-01 9.6204997e-07]
test_491,[1.2318569e-04 9.6910652e-03 9.9018562e-01 1.0189381e-07]
test_492,[7.6448521e-07 3.1334017e-03 9.9686581e-01 5.1590496e-09]
test_493,[1.14342016e-04 2.73463200e-04 4.37552408e-05 9.99568403e-01]
test_494,[1.2949522e-05 7.3573849e-04 9.9925071e-01 4.9580694e-07]
test_495,[1.2197359e-06 9.9997544e-01 2.3325576e-05 1.1666832e-09]
test_496,[4.4294516e-06 6.7223660e-03 9.9327302e-01 1.5388461e-07]
test_497,[9.99192894e-01 6.52144838e-04 3.91154827e-05 1.15898656e-04]
test_498,[2.1615165e-06 9.3115456e-03 9.9068636e-01 7.4809448e-09]
test_499,[5.942227e-05 4.947084e-03 9.949935e-01 6.281286e-08]
test_500,[2.3865175e-06 1.6597831e-07 8.6166040e-07 9.9999666e-01]
test_501,[4.3055765e-02 9.8803742e-03 9.4695771e-01 1.0613476e-04]
test_502,[2.3957991e-05 9.4779378e-01 5.2182324e-02 4.0791338e-08]
test_503,[4.1283329e-06 9.9991205e-08 6.8420107e-08 9.9999571e-01]
test_504,[1.9510781e-03 9.9204856e-01 5.9938426e-03 6.5306140e-06]
test_505,[1.4537199e-10 9.9986708e-01 1.3287102e-04 9.8754305e-10]
test_506,[9.9995816e-01 3.4929250e-05 4.3509613e-10 6.9526445e-06]
test_507,[7.3341120e-09 2.1771945e-03 9.9782288e-01 4.5709839e-11]
test_508,[1.3077353e-05 3.1429576e-03 9.9684393e-01 2.3948044e-08]
test_509,[9.8715311e-01 1.5837276e-04 1.2686628e-02 1.9178826e-06]
test_510,[1.4794964e-05 4.0987688e-03 9.9588639e-01 5.1357805e-08]
test_511,[9.8900604e-01 1.0991309e-02 3.1977379e-07 2.3266000e-06]
test_512,[5.4699044e-08 2.9182373e-02 9.7081763e-01 8.4337665e-10]
test_513,[1.8750281e-06 9.8748561e-03 9.9012321e-01 3.1816800e-08]
test_514,[5.1254837e-08 9.5784748e-01 4.2152442e-02 4.8388787e-10]
test_515,[4.3479286e-05 2.7536473e-04 1.6477288e-05 9.9966466e-01]
test_516,[8.744167e-05 2.441827e-03 9.974704e-01 3.912648e-07]
test_517,[8.9760033e-07 9.9787855e-01 2.1206161e-03 3.4107242e-10]
test_518,[1.5362353e-07 1.2279686e-02 9.8772019e-01 7.6282731e-09]
test_519,[1.07374435e-05 9.99825418e-01 1.63835881e-04 4.29389395e-08]
test_520,[9.3404256e-04 1.6625540e-02 9.8244047e-01 5.9393095e-08]
test_521,[6.1022997e-06 6.8730670e-03 9.9312073e-01 4.7755922e-08]
test_522,[9.9949265e-01 4.9373234e-04 5.6223198e-06 7.9892279e-06]
test_523,[6.9338639e-05 4.0459147e-01 5.9533912e-01 5.8581659e-08]
test_524,[1.4554142e-09 8.1885308e-01 1.8114690e-01 1.2406778e-11]
test_525,[2.3628995e-03 3.7587115e-01 6.2176090e-01 4.9770115e-06]
test_526,[8.1984044e-06 8.9067173e-05 9.9969459e-01 2.0815124e-04]
test_527,[1.2361922e-06 9.9998760e-01 1.0889616e-05 2.7575499e-07]
test_528,[3.6154713e-06 1.0998184e-03 9.9889660e-01 3.0994826e-08]
test_529,[7.6795186e-05 1.5254796e-01 8.4737515e-01 1.6384043e-07]
test_530,[5.0340727e-04 1.0232399e-01 8.9716947e-01 3.0962365e-06]
test_531,[6.6135208e-06 2.9947832e-01 7.0051205e-01 3.0240983e-06]
test_532,[3.4145593e-09 1.8780840e-03 9.9812192e-01 1.0870882e-11]
test_533,[1.9739685e-04 2.4349842e-02 9.7545266e-01 1.3705067e-08]
test_534,[2.0044094e-05 5.4037101e-03 9.9457622e-01 3.8802103e-08]
test_535,[2.1500396e-02 2.1207161e-01 7.6641631e-01 1.1699805e-05]
test_536,[1.8493759e-08 2.2423791e-02 9.7757626e-01 2.6699837e-11]
test_537,[6.9742498e-05 4.4152802e-03 9.9551433e-01 5.4875943e-07]
test_538,[3.1658691e-09 9.9970692e-01 2.9300750e-04 5.3738985e-11]
test_539,[2.1448657e-06 9.9821186e-01 1.7859628e-03 2.8578795e-09]
test_540,[8.3519876e-07 1.0459065e-03 9.9895322e-01 1.1386097e-08]
test_541,[5.5094530e-05 6.5777759e-04 9.9928719e-01 1.0289469e-08]
test_542,[9.9811894e-01 1.0408074e-04 1.7323397e-03 4.4625784e-05]
test_543,[1.3037263e-05 1.5438028e-04 1.4838558e-05 9.9981779e-01]
test_544,[4.5298446e-08 9.2731817e-03 9.9072683e-01 2.9769243e-10]
test_545,[2.09588798e-05 5.84368627e-06 1.06561376e-04 9.99866605e-01]
test_546,[3.7185058e-05 9.9989367e-01 6.8719775e-05 4.9835756e-07]
test_547,[9.0346682e-01 3.3895809e-03 9.3121164e-02 2.2409380e-05]
test_548,[8.3437362e-07 9.9998975e-01 8.2269253e-06 1.1589389e-06]
test_549,[9.6796328e-05 2.7369674e-02 9.7253346e-01 8.7677252e-09]
test_550,[5.0962498e-11 9.9999332e-01 6.6756711e-06 6.9083162e-13]
test_551,[5.2824004e-07 6.6441298e-03 9.9335539e-01 7.9185689e-09]
test_552,[2.3942862e-11 9.9914777e-01 8.5218978e-04 2.3301711e-11]
test_553,[9.9522591e-01 1.9642739e-05 4.7344123e-03 1.9959964e-05]
test_554,[2.0327391e-06 9.9876237e-01 1.2356126e-03 3.2727465e-09]
test_555,[9.9998844e-01 3.5556984e-06 6.8091147e-08 7.8769717e-06]
test_556,[1.1538317e-04 2.5728971e-03 9.9731147e-01 2.2204392e-07]
test_557,[1.7185799e-04 9.4899595e-01 5.0832123e-02 1.3640233e-07]
test_558,[3.2431291e-07 1.2567828e-03 9.9874288e-01 6.4666911e-10]
test_559,[1.8701722e-07 1.8140417e-08 3.5547663e-07 9.9999940e-01]
test_560,[2.3068769e-05 1.7785368e-02 9.8219109e-01 4.8476687e-07]
test_561,[1.4500879e-05 1.1258289e-04 9.8554754e-01 1.4325498e-02]
test_562,[6.1713275e-05 1.3600994e-02 9.8633724e-01 6.3491839e-08]
test_563,[6.8190989e-06 4.7694251e-05 9.9977511e-01 1.7043926e-04]
test_564,[0.00329431 0.00481719 0.96883744 0.02305108]
test_565,[2.4591500e-04 9.9949014e-01 2.6391281e-04 4.3401045e-08]
test_566,[7.8064942e-04 1.4083493e-02 9.8513573e-01 2.1544105e-07]
test_567,[5.3508616e-06 7.1614504e-01 2.8384915e-01 4.2771740e-07]
test_568,[4.3970684e-07 4.9902736e-03 9.9500930e-01 1.9595423e-10]
test_569,[9.1482561e-06 1.2918703e-01 8.7080377e-01 3.4167257e-08]
test_570,[5.9625052e-07 4.6829395e-03 9.9531651e-01 1.1551592e-09]
test_571,[3.1020987e-04 8.9707103e-04 9.9879241e-01 2.6509591e-07]
test_572,[1.6564845e-04 3.0877982e-04 9.9576115e-05 9.9942601e-01]
test_573,[6.8963777e-06 5.6166402e-03 9.9437642e-01 6.8431405e-08]
test_574,[1.2011493e-03 5.5477158e-03 9.9325114e-01 4.2680774e-08]
test_575,[2.6370395e-07 5.8062230e-03 9.9419349e-01 4.6442956e-09]
test_576,[1.7121044e-04 9.9971181e-01 1.0008115e-04 1.6871712e-05]
test_577,[1.2168939e-05 4.7717649e-02 9.5227015e-01 4.0352674e-08]
test_578,[7.2443424e-07 9.9006444e-01 9.9348733e-03 2.3526361e-09]
test_579,[2.1551041e-05 6.5932596e-05 2.3230024e-02 9.7668254e-01]
test_580,[3.2331329e-03 9.9623883e-01 5.0599594e-04 2.1980657e-05]
test_581,[2.0390771e-04 3.1440336e-02 9.6835530e-01 5.4444786e-07]
test_582,[2.9607176e-07 9.9939120e-01 6.0854567e-04 6.9769995e-11]
test_583,[0.01838677 0.01803716 0.9614802  0.00209585]
test_584,[0.74794424 0.25038853 0.0009006  0.00076663]
test_585,[1.5410717e-03 9.1985583e-01 7.8592554e-02 1.0515311e-05]
test_586,[7.0367118e-06 8.0760559e-03 9.9191684e-01 2.1291513e-08]
test_587,[3.8278472e-06 9.9282032e-01 7.1758898e-03 2.1474362e-08]
test_588,[7.6974538e-05 1.0138319e-02 9.8978478e-01 3.6654580e-08]
test_589,[3.5953381e-05 9.9969721e-01 2.6677048e-04 1.2699810e-07]
test_590,[2.1135034e-04 1.8890998e-04 9.9894363e-01 6.5609574e-04]
test_591,[1.5088290e-04 2.5049891e-02 9.7479331e-01 6.0408615e-06]
test_592,[2.9696539e-06 8.0610365e-03 9.9193597e-01 4.2221764e-09]
test_593,[1.3638103e-05 9.9601716e-01 3.9688977e-03 1.8427994e-07]
test_594,[2.5071165e-06 2.4917719e-03 9.9750572e-01 3.4358321e-09]
test_595,[9.3187809e-06 3.0081454e-03 9.9698251e-01 3.3301429e-08]
test_596,[5.9481087e-04 9.9937648e-01 2.7929464e-05 7.8228732e-07]
test_597,[1.8350875e-04 8.0326162e-03 9.9178219e-01 1.7046075e-06]
test_598,[6.7388362e-07 5.4228753e-03 9.9457645e-01 1.4802807e-09]
test_599,[9.2589730e-01 3.6051619e-04 7.3561989e-02 1.8023462e-04]
test_600,[6.1273907e-04 1.0084788e-04 9.7285840e-04 9.9831367e-01]
test_601,[3.4091868e-06 9.9905735e-01 9.3890209e-04 4.0321387e-07]
test_602,[3.1374107e-06 2.4354777e-04 9.9966979e-01 8.3546875e-05]
test_603,[2.4540181e-04 4.2628259e-03 9.9549156e-01 2.6913676e-07]
test_604,[1.8759716e-06 4.1091586e-03 9.9588901e-01 6.0685243e-09]
test_605,[9.9849463e-01 5.5106595e-04 5.6871293e-05 8.9742208e-04]
test_606,[8.786482e-07 9.999058e-01 9.314779e-05 6.513964e-08]
test_607,[9.8350441e-01 1.6405024e-02 1.8786250e-05 7.1835340e-05]
test_608,[2.9599646e-06 1.9862177e-03 9.9801081e-01 5.6149072e-09]
test_609,[7.9539968e-06 1.9369613e-03 9.9805510e-01 9.2539789e-09]
test_610,[9.9969304e-01 1.3059322e-04 1.7583197e-04 6.6740006e-07]
test_611,[2.5142648e-07 5.6776858e-04 9.9943203e-01 2.4432956e-10]
test_612,[7.9691098e-08 2.1598473e-02 9.7840136e-01 1.9402453e-09]
test_613,[9.9974257e-01 1.1323555e-04 7.0066366e-05 7.4163021e-05]
test_614,[9.9507576e-01 3.5912243e-03 1.0074896e-03 3.2555166e-04]
test_615,[8.1869166e-07 9.9996936e-01 2.9755149e-05 9.9463207e-08]
test_616,[9.9876332e-01 2.9357481e-05 1.1893187e-03 1.7973838e-05]
test_617,[3.0541461e-04 2.4133653e-03 9.9728024e-01 8.9774687e-07]
test_618,[1.4012278e-02 1.8745272e-01 7.9852962e-01 5.3777844e-06]
test_619,[3.5395829e-03 8.5108411e-03 9.8794544e-01 4.1620356e-06]
test_620,[4.7421045e-06 9.9999225e-01 3.0545468e-06 1.6931713e-08]
test_621,[8.8826695e-08 1.2984944e-03 9.9870133e-01 1.7583494e-09]
test_622,[1.14160815e-04 8.21410596e-01 1.78475246e-01 1.06655431e-08]
test_623,[5.3434161e-07 2.0806849e-02 9.7919261e-01 1.7737605e-09]
test_624,[9.8883396e-01 1.1142756e-02 2.8202260e-08 2.3242985e-05]
test_625,[4.3359231e-07 1.1128142e-03 9.9888676e-01 8.1076417e-09]
test_626,[9.0436206e-06 2.5262800e-01 7.4733865e-01 2.4292654e-05]
test_627,[2.8462262e-06 1.9241257e-02 9.8075587e-01 2.3833101e-08]
test_628,[7.9814790e-06 9.9998796e-01 3.3868566e-06 7.3006152e-07]
test_629,[1.3815885e-07 7.4618597e-06 9.9998963e-01 2.7708800e-06]
test_630,[7.9057389e-04 4.4964487e-03 9.9471277e-01 1.8800809e-07]
test_631,[4.2606803e-06 8.3534922e-03 9.9164140e-01 8.5915536e-07]
test_632,[6.8598618e-03 1.9352056e-02 9.7376388e-01 2.4203209e-05]
test_633,[1.8191480e-05 1.6544519e-02 9.8343730e-01 6.7452772e-09]
test_634,[3.3104973e-07 2.7926681e-03 9.9720627e-01 7.4071590e-07]
test_635,[1.2039426e-06 9.9825591e-01 1.7428987e-03 5.7456323e-10]
test_636,[2.0657735e-06 6.8844384e-01 3.1155375e-01 2.9077520e-07]
test_637,[8.7734094e-07 1.0967767e-06 9.9997616e-01 2.1900481e-05]
test_638,[4.3711071e-03 1.4846309e-01 8.4716088e-01 4.9737769e-06]
test_639,[3.0947569e-05 9.9839610e-01 1.5728837e-03 2.1841884e-09]
test_640,[1.19157164e-07 9.99985576e-01 1.43341813e-05 4.95796870e-09]
test_641,[0.5177793  0.26220942 0.21680431 0.00320693]
test_642,[1.9842914e-06 9.9924624e-01 7.5175602e-04 4.6184581e-08]
test_643,[3.5562657e-04 1.9988960e-03 9.9588108e-01 1.7644063e-03]
test_644,[5.2318781e-05 7.1172482e-01 2.8822288e-01 1.9355097e-08]
test_645,[1.0725081e-07 3.6592013e-04 9.9963391e-01 1.0621208e-09]
test_646,[3.9423498e-06 2.0130832e-02 9.7986513e-01 5.8656251e-08]
test_647,[8.4667397e-07 6.3389319e-01 3.6610591e-01 2.1090129e-08]
test_648,[9.98906255e-01 9.74823895e-04 8.63485457e-06 1.10239795e-04]
test_649,[6.5745597e-05 7.8723887e-03 6.9892782e-01 2.9313406e-01]
test_650,[1.4401584e-04 9.9978775e-01 6.6102853e-05 2.1286533e-06]
test_651,[1.6665592e-05 9.9336314e-01 6.6201976e-03 1.6071491e-08]
test_652,[5.7209589e-05 1.4564842e-02 9.8537779e-01 1.3699055e-07]
test_653,[6.7884862e-01 2.9437250e-01 2.6687749e-02 9.1112313e-05]
test_654,[7.7706654e-06 1.3864433e-03 9.9860579e-01 2.7456599e-09]
test_655,[9.9990165e-01 2.9524340e-06 7.2154194e-07 9.4680152e-05]
test_656,[1.8477771e-06 9.9953794e-01 4.5367552e-04 6.5322229e-06]
test_657,[6.35796249e-10 9.79671896e-01 2.03281362e-02 1.03677076e-11]
test_658,[7.0567935e-06 9.9995899e-01 3.3992052e-05 4.2508175e-09]
test_659,[7.0630209e-05 5.1100139e-02 9.4882774e-01 1.5478782e-06]
test_660,[9.6603335e-06 8.1674271e-04 9.9917358e-01 5.6530208e-08]
test_661,[1.6465652e-03 9.9776077e-01 5.4032239e-04 5.2276300e-05]
test_662,[9.1820067e-01 8.1102937e-02 1.0249883e-04 5.9396127e-04]
test_663,[1.5928185e-08 2.8534117e-03 9.9714655e-01 1.4225564e-10]
test_664,[4.8995953e-05 9.4487673e-01 5.5071797e-02 2.4310832e-06]
test_665,[9.9460137e-01 2.5008040e-04 5.1462566e-03 2.3619489e-06]
test_666,[5.0795823e-08 1.0293584e-02 9.8970640e-01 1.2676287e-09]
test_667,[3.23867171e-05 8.88063729e-01 1.11903846e-01 9.49406669e-08]
test_668,[1.7455328e-05 9.9882978e-01 1.1528172e-03 1.9629631e-09]
test_669,[9.9990284e-01 2.0641559e-05 7.4487740e-05 2.0436976e-06]
test_670,[4.0658147e-04 9.9862170e-01 9.6946629e-04 2.2875881e-06]
test_671,[6.83584318e-08 9.64534223e-01 3.54656912e-02 1.30432306e-11]
test_672,[1.1263649e-05 1.9328056e-05 9.9991560e-01 5.3807809e-05]
test_673,[1.9692457e-05 8.7724812e-03 9.9120772e-01 5.1988284e-08]
test_674,[2.3144469e-06 9.9911195e-01 8.8535703e-04 3.6042979e-07]
test_675,[2.1793797e-04 1.0342151e-02 9.8943990e-01 4.5014157e-09]
test_676,[2.6531796e-05 2.6906109e-03 9.9728274e-01 8.6519776e-08]
test_677,[1.5866957e-05 2.2789715e-04 9.9936372e-01 3.9255648e-04]
test_678,[9.9787295e-01 6.1183573e-06 1.9537308e-06 2.1190394e-03]
test_679,[5.8004653e-06 1.7857520e-02 9.8213607e-01 5.0394192e-07]
test_680,[0.3416248  0.62486035 0.00191164 0.03160325]
test_681,[1.8257315e-04 9.9981374e-01 3.7413624e-06 2.9523850e-08]
test_682,[8.1860492e-09 9.9534529e-01 4.6546683e-03 5.5286004e-10]
test_683,[9.9605541e-06 9.8815197e-01 1.1837971e-02 8.6903931e-08]
test_684,[2.2454248e-08 3.6083836e-08 4.1765794e-08 9.9999988e-01]
test_685,[3.9526327e-03 3.4394890e-01 6.5209556e-01 2.9198063e-06]
test_686,[1.4360611e-04 1.7778227e-01 8.2207412e-01 4.2869672e-08]
test_687,[7.3688911e-06 6.9522850e-02 9.3046981e-01 3.1361047e-09]
test_688,[7.0933723e-01 2.5976226e-01 3.0550299e-02 3.5019277e-04]
test_689,[1.08663653e-05 1.03267506e-01 8.96721601e-01 2.13118110e-08]
test_690,[9.9999416e-01 1.8382797e-06 2.2628837e-09 4.0084001e-06]
test_691,[8.3244440e-06 9.9310356e-01 6.8879090e-03 9.8268778e-08]
test_692,[7.5758471e-06 1.9251209e-03 9.9806696e-01 3.0722177e-07]
test_693,[1.7875394e-06 9.4677025e-01 5.3227827e-02 9.2719652e-08]
test_694,[5.2884407e-04 7.3829941e-03 9.9208647e-01 1.6998944e-06]
test_695,[2.7915202e-02 9.2246197e-02 8.7978005e-01 5.8607598e-05]
test_696,[1.6975815e-05 3.1838659e-02 9.6814394e-01 4.9810490e-07]
test_697,[2.3324923e-05 1.8569772e-05 2.5096629e-04 9.9970704e-01]
test_698,[9.9521118e-01 4.7247531e-03 4.9043027e-08 6.4043976e-05]
test_699,[9.9999845e-01 1.5799381e-09 1.1938139e-11 1.5676050e-06]
test_700,[2.1224238e-04 3.2533485e-02 9.6725368e-01 5.7090494e-07]
test_701,[3.3010364e-10 9.9997234e-01 2.7663660e-05 1.9321307e-12]
test_702,[1.2182592e-06 9.9944431e-01 5.5446022e-04 2.9179290e-08]
test_703,[9.9303210e-01 6.9582537e-03 5.1828201e-06 4.3937434e-06]
test_704,[1.00029589e-10 8.82752419e-01 1.17247604e-01 2.96241092e-12]
test_705,[1.0152654e-06 6.3665259e-01 3.6334643e-01 2.0125608e-09]
test_706,[7.3858558e-07 8.4108720e-03 9.9158841e-01 2.0448054e-10]
test_707,[1.9904315e-04 7.7749655e-02 9.2205089e-01 3.7377990e-07]
test_708,[9.8789400e-01 1.2038600e-02 4.6539517e-05 2.0871204e-05]
test_709,[6.6973620e-08 5.6091631e-03 9.9439067e-01 9.4143349e-10]
test_710,[2.4703497e-04 9.9350572e-01 6.2408368e-03 6.4422547e-06]
test_711,[8.8568549e-07 1.2714888e-02 9.8728418e-01 3.6365133e-09]
test_712,[8.4883861e-05 5.2714041e-03 9.9464333e-01 3.9848092e-07]
test_713,[2.2748709e-05 9.9995768e-01 7.6237615e-07 1.8800081e-05]
test_714,[2.4079906e-08 9.9999344e-01 6.5066674e-06 7.3345174e-10]
test_715,[9.9766517e-01 1.5035423e-03 6.6488580e-04 1.6634230e-04]
test_716,[2.8795424e-10 9.9987817e-01 1.2180793e-04 7.1995734e-12]
test_717,[0.796073   0.05970115 0.14339204 0.00083379]
test_718,[1.5376073e-04 9.9194855e-05 9.5192200e-01 4.7825012e-02]
test_719,[3.1529481e-07 9.9981338e-01 1.8632250e-04 2.4720043e-08]
test_720,[6.6017834e-05 8.3960408e-01 1.6020028e-01 1.2965975e-04]
test_721,[6.6901459e-03 8.8012338e-02 9.0529156e-01 6.0272610e-06]
test_722,[5.3645490e-08 9.8967874e-01 1.0321233e-02 1.2566796e-11]
test_723,[7.4175674e-08 1.8154742e-03 9.9818438e-01 2.2301279e-09]
test_724,[1.4325890e-06 5.2966895e-03 9.9470180e-01 1.1031532e-08]
test_725,[9.9999797e-01 5.1871143e-07 4.9699150e-08 1.4768316e-06]
test_726,[1.1745230e-06 2.4301955e-03 9.9756855e-01 1.6082804e-08]
test_727,[9.9989784e-01 9.2864371e-05 3.2961382e-06 5.9963318e-06]
test_728,[4.4131802e-06 1.7008698e-06 2.0159885e-05 9.9997377e-01]
test_729,[1.3114685e-04 1.8744025e-02 9.8098457e-01 1.4032950e-04]
test_730,[9.9967420e-01 9.8863173e-05 2.2596189e-04 1.0355327e-06]
test_731,[6.7245914e-08 9.9999821e-01 1.7654978e-06 7.5130280e-10]
test_732,[1.9030074e-05 5.0676162e-03 9.9491334e-01 7.2037807e-08]
test_733,[9.9728012e-01 2.6902857e-03 1.0679393e-08 2.9604405e-05]
test_734,[2.0537120e-06 5.0890958e-03 9.9490875e-01 1.0139766e-07]
test_735,[4.3790837e-06 2.0262625e-03 9.9796933e-01 1.7280885e-09]
test_736,[6.8667447e-07 2.8902939e-02 9.7109634e-01 4.9513879e-08]
test_737,[4.8075684e-08 9.2044693e-01 7.9553090e-02 2.1566409e-08]
test_738,[2.3276348e-10 2.5466460e-01 7.4533540e-01 2.1631655e-13]
test_739,[8.2519318e-07 6.8078609e-03 9.9319130e-01 1.3889815e-09]
test_740,[0.6883239  0.021415   0.1718868  0.11837424]
test_741,[9.1532587e-05 1.3226112e-02 9.8668206e-01 3.3836551e-07]
test_742,[9.9937028e-01 5.8831152e-04 3.2514117e-07 4.1110874e-05]
test_743,[9.9995816e-01 3.1138650e-05 1.0373103e-05 2.9170485e-07]
test_744,[9.9994850e-01 1.4934687e-05 7.7900977e-06 2.8796509e-05]
test_745,[5.1163574e-06 3.5089960e-07 2.5910244e-06 9.9999189e-01]
test_746,[9.9647933e-01 3.5036502e-03 2.8587587e-07 1.6849250e-05]
test_747,[3.3168521e-06 8.8472589e-06 9.9985957e-01 1.2821847e-04]
test_748,[5.2479700e-06 4.3641287e-01 5.6358194e-01 3.5339287e-09]
test_749,[8.0509953e-06 4.3082287e-04 9.9956101e-01 1.0250853e-08]
test_750,[0.00325512 0.02715907 0.0671803  0.9024055 ]
test_751,[3.0017796e-05 5.4597622e-05 9.9894673e-01 9.6864585e-04]
test_752,[2.2275972e-06 1.9780311e-03 9.9801970e-01 7.5617921e-09]
test_753,[9.9999845e-01 1.4904635e-06 2.4550911e-10 1.7774438e-08]
test_754,[5.2264038e-08 5.5908550e-02 9.4409138e-01 3.1128073e-09]
test_755,[0.61194634 0.28419554 0.06525186 0.03860629]
test_756,[9.3533903e-01 6.4201497e-02 7.5943157e-05 3.8352842e-04]
test_757,[4.5509041e-09 1.3146566e-01 8.6853439e-01 9.8159519e-12]
test_758,[2.1132425e-04 1.8821003e-02 9.2245091e-04 9.8004526e-01]
test_759,[4.9716607e-04 6.8089318e-01 3.1860700e-01 2.7032459e-06]
test_760,[1.0246574e-06 9.5972604e-01 4.0238272e-02 3.4667963e-05]
test_761,[8.4065223e-06 5.6279619e-06 5.3058597e-05 9.9993289e-01]
test_762,[1.2319148e-04 2.1323372e-02 9.7855282e-01 5.4987657e-07]
test_763,[9.9448401e-01 5.2023339e-03 3.7281854e-08 3.1368676e-04]
test_764,[1.7504131e-04 3.5542541e-03 9.9627066e-01 1.6313944e-08]
test_765,[2.0058479e-04 3.8412216e-01 6.1566168e-01 1.5584097e-05]
test_766,[9.0233016e-01 3.2064614e-03 9.4449148e-02 1.4276389e-05]
test_767,[2.1362482e-06 1.3711572e-01 8.6288208e-01 1.6568272e-08]
test_768,[5.8349707e-11 9.9978715e-01 2.1285933e-04 1.3616745e-10]
test_769,[9.6684253e-01 3.2378912e-02 8.0727710e-07 7.7778229e-04]
test_770,[2.3429624e-03 1.1984172e-02 9.8566991e-01 2.9808652e-06]
test_771,[2.1995469e-05 2.3577964e-05 9.9976176e-01 1.9264534e-04]
test_772,[1.0717486e-05 6.5806899e-03 9.9340820e-01 2.9427741e-07]
test_773,[9.9926478e-01 7.0428819e-04 4.5316000e-07 3.0476345e-05]
test_774,[3.4743382e-05 1.4289306e-02 9.8567581e-01 4.4356863e-08]
test_775,[4.4138586e-05 2.3949143e-02 9.7600639e-01 3.3745317e-07]
test_776,[4.4683115e-05 3.7055796e-03 9.9624962e-01 1.3925930e-07]
test_777,[3.5835828e-06 5.8946842e-03 9.9410170e-01 3.5416672e-08]
test_778,[1.1935946e-06 9.5990306e-01 4.0095676e-02 1.5238648e-07]
test_779,[6.7509910e-07 4.5559369e-03 9.9544334e-01 3.8776644e-08]
test_780,[1.4299636e-05 2.7088100e-02 9.7289759e-01 2.8057800e-08]
test_781,[2.3198711e-04 9.3587376e-05 9.9792504e-01 1.7494055e-03]
test_782,[2.96828162e-04 2.71159988e-02 9.72587168e-01 1.35161216e-08]
test_783,[5.7300730e-07 6.0633157e-04 9.9939311e-01 5.6032712e-10]
test_784,[7.8600597e-06 1.8651991e-03 9.9812692e-01 9.2413801e-09]
test_785,[1.4710377e-05 4.9269455e-04 9.9082750e-01 8.6650439e-03]
test_786,[6.7063749e-01 3.2932565e-01 2.8822227e-05 7.9711772e-06]
test_787,[4.3724074e-05 3.7947278e-02 9.6193576e-01 7.3229356e-05]
test_788,[5.1689181e-08 9.9999964e-01 3.4520090e-07 4.1394859e-08]
test_789,[2.2021771e-07 2.1342099e-01 7.8657877e-01 1.0980380e-08]
test_790,[1.1437705e-08 8.4675520e-08 1.5650846e-07 9.9999976e-01]
test_791,[4.2493693e-03 2.2204122e-02 9.7354513e-01 1.3368040e-06]
test_792,[2.1701005e-08 1.1062830e-02 9.8893714e-01 9.1891122e-10]
test_793,[9.8058701e-01 2.3594222e-03 1.6096884e-02 9.5660408e-04]
test_794,[0.00200458 0.07668495 0.04905127 0.87225926]
test_795,[1.0583880e-08 9.9993122e-01 6.8731926e-05 4.7370753e-11]
test_796,[1.4581016e-05 9.9995971e-01 2.5074083e-05 5.7923074e-07]
test_797,[1.9422770e-09 9.9934548e-01 6.5453124e-04 6.1726102e-10]
test_798,[0.02032    0.05562418 0.92224354 0.00181232]
test_799,[9.9993098e-01 5.5736225e-05 1.1812706e-05 1.4977009e-06]
test_800,[5.3994446e-03 4.5322526e-02 9.4919592e-01 8.2146682e-05]
test_801,[6.0720387e-04 2.0465222e-03 9.9734551e-01 8.3914517e-07]
test_802,[6.0795562e-04 3.1853065e-02 9.6751660e-01 2.2413555e-05]
test_803,[1.9577496e-06 4.2804498e-03 9.9571770e-01 1.9913626e-09]
test_804,[2.3940839e-07 4.1422602e-03 9.9585754e-01 4.2797133e-10]
test_805,[3.3031031e-04 9.9860305e-01 1.0665944e-03 8.7098563e-08]
test_806,[1.2281199e-05 9.9997211e-01 1.5352160e-05 2.1426553e-07]
test_807,[3.0549386e-06 1.9868526e-03 9.9801010e-01 9.9315521e-11]
test_808,[1.5277869e-06 6.2349224e-03 9.9376339e-01 1.5206271e-07]
test_809,[7.0583457e-07 9.1380399e-01 8.6195335e-02 3.1941563e-09]
test_810,[7.6981241e-06 6.9012389e-02 9.3097985e-01 1.3984119e-07]
test_811,[0.00936297 0.00201894 0.00144346 0.98717463]
test_812,[6.3302068e-05 2.6057151e-05 9.9981064e-01 1.0006805e-04]
test_813,[4.1551681e-05 3.8980069e-03 9.9606043e-01 3.0673498e-08]
test_814,[2.2947918e-01 7.7047950e-01 4.3103264e-06 3.6999223e-05]
test_815,[3.9548172e-07 1.7662547e-03 9.9823332e-01 2.0737534e-08]
test_816,[9.0397817e-01 4.1611847e-03 9.1640323e-02 2.2028711e-04]
test_817,[8.2251077e-05 2.6293878e-02 9.7360772e-01 1.6101621e-05]
test_818,[1.04745418e-01 1.04078464e-01 7.91023791e-01 1.52287656e-04]
test_819,[9.6522663e-06 7.2939750e-03 9.9269605e-01 3.3916473e-07]
test_820,[1.9382004e-07 3.3251441e-03 9.9667466e-01 1.4672682e-09]
test_821,[2.1708988e-02 9.5077091e-01 2.7516898e-02 3.1738361e-06]
test_822,[2.4662536e-06 8.1807207e-03 9.9181682e-01 4.5956376e-09]
test_823,[4.1778637e-07 9.8938680e-01 1.0612778e-02 1.2332210e-10]
test_824,[4.4955630e-04 7.9154101e-04 9.8576212e-01 1.2996743e-02]
test_825,[2.3233622e-05 4.9382157e-04 9.9882799e-01 6.5491709e-04]
test_826,[1.3093997e-06 4.0766157e-02 9.5923257e-01 1.2311002e-09]
test_827,[2.0181702e-05 1.8568379e-04 9.9965346e-01 1.4071260e-04]
test_828,[9.9999416e-01 4.4874314e-06 2.2680908e-07 1.0803576e-06]
test_829,[9.5791086e-07 9.3184900e-01 6.8150006e-02 1.9971458e-09]
test_830,[2.3895973e-06 8.4612351e-05 9.9963641e-01 2.7652533e-04]
test_831,[0.99262017 0.0021872  0.00390324 0.00128949]
test_832,[2.3676530e-10 9.9646449e-01 3.5355384e-03 1.0065154e-12]
test_833,[1.2044844e-06 1.9980751e-03 9.9800068e-01 8.5465373e-08]
test_834,[6.9007083e-06 1.7824900e-04 9.9827516e-01 1.5397205e-03]
test_835,[9.7932789e-06 1.8453411e-06 1.3508984e-04 9.9985325e-01]
test_836,[2.3853443e-07 9.9976104e-01 2.3866606e-04 1.2251393e-10]
test_837,[1.7222818e-10 2.9380314e-07 2.8257102e-10 9.9999976e-01]
test_838,[9.9994338e-01 5.5248187e-05 2.5934065e-07 1.0751372e-06]
test_839,[9.9982256e-01 9.4472518e-05 4.8770779e-09 8.2944796e-05]
test_840,[1.0796700e-06 1.1650907e-02 9.8834807e-01 2.4193403e-09]
test_841,[1.01945676e-04 8.60123277e-01 1.39774770e-01 1.70170438e-08]
test_842,[1.0562367e-04 6.2303534e-03 9.9366403e-01 5.6011036e-09]
test_843,[1.2874098e-05 4.5214456e-02 9.5477271e-01 2.7773701e-09]
test_844,[9.4760122e-05 3.3941101e-03 9.9651104e-01 1.9349006e-08]
test_845,[5.5869564e-06 9.6458924e-01 3.5405189e-02 2.6284940e-08]
test_846,[4.5344612e-05 9.9993289e-01 2.1682947e-05 1.4808273e-07]
test_847,[1.0981901e-06 9.9865766e-03 9.9001229e-01 2.0723538e-09]
test_848,[5.2721265e-05 1.9234831e-05 9.9990344e-01 2.4647661e-05]
test_849,[4.4960640e-07 8.4828241e-03 9.9151671e-01 1.8065158e-09]
test_850,[1.2231122e-04 1.1411005e-02 9.8846638e-01 3.3682255e-07]
test_851,[1.5600909e-08 9.9811566e-01 1.8843047e-03 4.1475796e-09]
test_852,[1.0022323e-05 2.1506703e-07 2.3589594e-06 9.9998736e-01]
test_853,[1.8991834e-08 8.6299634e-09 4.1170031e-10 1.0000000e+00]
test_854,[5.320349e-05 7.352361e-01 2.647105e-01 2.107479e-07]
test_855,[3.0444105e-09 9.9898583e-01 1.0141047e-03 2.2849308e-08]
test_856,[1.0365289e-04 1.9103515e-01 8.0886018e-01 1.0540261e-06]
test_857,[1.3343251e-07 9.9151224e-01 8.4876250e-03 1.5885348e-08]
test_858,[7.2936796e-06 9.9970180e-01 2.9088109e-04 3.0298811e-08]
test_859,[5.6233751e-03 9.8618144e-01 8.1940666e-03 1.1504221e-06]
test_860,[8.1062794e-01 1.8879065e-01 3.5469496e-04 2.2677172e-04]
test_861,[6.3131320e-06 3.8674137e-01 6.1325181e-01 4.5875314e-07]
test_862,[7.81898270e-04 1.53541295e-02 9.83862698e-01 1.29627199e-06]
test_863,[9.9595010e-01 1.2028498e-03 2.6675574e-03 1.7944069e-04]
test_864,[9.6189010e-01 8.6378364e-04 3.7223861e-02 2.2290544e-05]
test_865,[9.9997318e-01 1.0798528e-06 5.1674431e-07 2.5224443e-05]
test_866,[9.9962044e-01 2.3937944e-04 4.4050375e-06 1.3579403e-04]
test_867,[1.1098020e-04 6.9212270e-05 2.6372306e-03 9.9718261e-01]
test_868,[2.6545289e-05 4.3648570e-03 9.9560839e-01 1.2521944e-07]
test_869,[1.0584666e-05 1.7015629e-03 9.9828786e-01 9.6011705e-09]
test_870,[1.3873206e-07 3.2921076e-02 9.6707880e-01 4.7055297e-09]
test_871,[1.1645134e-06 6.6203000e-03 9.9337852e-01 1.3625581e-08]
test_872,[1.5240931e-02 8.5726482e-01 1.2744899e-01 4.5237062e-05]
test_873,[9.9269402e-01 7.3048342e-03 2.7438043e-07 8.7769581e-07]
test_874,[9.9988914e-01 2.7722322e-06 1.0755044e-04 5.5119199e-07]
test_875,[1.2406324e-05 3.2334740e-04 2.9276926e-08 9.9966431e-01]
test_876,[2.8002030e-09 3.6041912e-01 6.3958085e-01 3.5917325e-10]
test_877,[5.2251935e-06 3.4638271e-01 6.5361202e-01 5.1574570e-08]
test_878,[4.5229140e-06 9.9999464e-01 8.6972631e-07 7.2456796e-09]
test_879,[0.00375433 0.00523092 0.14008239 0.85093236]
test_880,[1.3081250e-03 5.9867773e-02 9.3882346e-01 7.3832302e-07]
test_881,[5.1004360e-03 7.8984827e-01 2.0499641e-01 5.4910601e-05]
test_882,[2.0308413e-07 1.5906198e-03 9.9840921e-01 2.3382598e-09]
test_883,[2.8034124e-06 9.9980026e-01 1.9699073e-04 2.6987806e-08]
test_884,[9.7178507e-01 1.9145666e-02 9.0444619e-03 2.4810819e-05]
test_885,[0.00692071 0.00106579 0.81503534 0.17697811]
test_886,[1.1603405e-04 9.9985647e-01 2.7459339e-05 2.2361792e-08]
test_887,[5.7197985e-04 1.1923780e-03 9.9823546e-01 1.3120473e-07]
test_888,[2.3984421e-06 9.9224901e-01 7.7486378e-03 5.2995488e-09]
test_889,[5.1593042e-07 5.2523725e-02 9.4747561e-01 5.9968464e-08]
test_890,[4.1002941e-06 9.9999189e-01 3.9821011e-06 4.9842166e-09]
test_891,[1.8898791e-03 1.4192180e-02 9.8391426e-01 3.6796121e-06]
test_892,[9.9607879e-01 1.4134260e-03 2.4929699e-03 1.4838393e-05]
test_893,[6.1282174e-07 9.9749607e-01 2.5012093e-03 2.1259707e-06]
test_894,[6.254492e-09 7.854825e-03 9.921451e-01 9.802573e-12]
test_895,[8.5031903e-01 1.4860131e-01 2.8762076e-04 7.9215481e-04]
test_896,[5.2162315e-05 9.9936742e-01 5.8028585e-04 6.3237891e-08]
test_897,[2.3429063e-06 9.9917692e-01 8.2067272e-04 1.6352322e-09]
test_898,[1.4251171e-07 8.5934632e-02 9.1406524e-01 8.9805736e-09]
test_899,[9.5484734e-01 1.4772767e-04 4.4964280e-02 4.0624876e-05]
test_900,[1.2165231e-06 6.5141576e-03 9.9348468e-01 4.7331876e-09]
test_901,[9.944555e-01 6.974224e-05 5.472346e-03 2.482195e-06]
test_902,[1.2113585e-06 2.0032234e-01 7.9967636e-01 1.9799424e-08]
test_903,[6.8888285e-06 1.2152990e-02 9.8783988e-01 2.8289398e-07]
test_904,[1.0561676e-05 2.1954220e-02 9.7803396e-01 1.2165061e-06]
test_905,[1.0167308e-04 9.1793127e-03 9.9071890e-01 1.4852755e-07]
test_906,[5.2138630e-06 1.2699138e-01 8.7300342e-01 1.4985668e-08]
test_907,[8.8113174e-04 8.7081444e-01 1.2829065e-01 1.3818209e-05]
test_908,[3.8157804e-03 7.7729535e-01 2.1871328e-01 1.7556976e-04]
test_909,[4.0592768e-04 1.7951196e-02 9.8163629e-01 6.6340767e-06]
test_910,[2.3349718e-04 8.2889054e-04 9.9893755e-01 6.9263450e-08]
test_911,[1.6970043e-05 3.1045211e-02 9.6893781e-01 8.2641476e-09]
test_912,[3.5815019e-02 6.1263740e-03 9.5805794e-01 6.2295356e-07]
test_913,[4.8095320e-08 3.7908703e-03 9.9620914e-01 4.4932447e-10]
test_914,[1.4179195e-05 8.4574640e-02 9.1541106e-01 8.8646559e-08]
test_915,[1.8391183e-04 1.0129950e-03 9.9880302e-01 4.2756252e-08]
test_916,[5.5473857e-03 8.9118341e-03 9.8553431e-01 6.3952598e-06]
test_917,[3.8433645e-05 3.0542884e-04 9.9743700e-01 2.2191207e-03]
test_918,[1.2034429e-03 2.4513365e-03 9.9634248e-01 2.7580529e-06]
test_919,[1.9436243e-10 9.9989045e-01 1.0955182e-04 1.1583304e-11]
test_920,[5.3498007e-02 6.5714407e-01 2.8930128e-01 5.6601231e-05]
test_921,[6.6826738e-05 9.9849713e-01 1.4356852e-03 3.6135100e-07]
test_922,[9.9982697e-01 1.3925134e-06 1.6654812e-04 5.2084051e-06]
test_923,[7.3545560e-04 1.2429493e-02 9.8683494e-01 1.1106233e-07]
test_924,[1.6857551e-02 2.0162670e-02 9.6297055e-01 9.2070313e-06]
test_925,[1.6863838e-05 9.9718517e-01 2.7749916e-03 2.2908847e-05]
test_926,[6.4543949e-04 2.5719600e-03 9.6328503e-01 3.3497512e-02]
test_927,[9.9164294e-04 3.9313277e-04 9.9525225e-01 3.3629588e-03]
test_928,[2.0601249e-08 2.8506911e-08 2.3031809e-08 1.0000000e+00]
test_929,[1.3436863e-01 2.1966286e-02 8.4365946e-01 5.5864220e-06]
test_930,[4.22553392e-04 8.88977349e-01 1.09637775e-01 9.62372520e-04]
test_931,[2.1156378e-03 1.2966466e-02 9.8491675e-01 1.1772775e-06]
test_932,[1.2515635e-05 3.6958398e-03 9.9629176e-01 1.5781620e-08]
test_933,[8.5991551e-04 3.9994667e-04 8.0171930e-07 9.9873942e-01]
test_934,[9.6878095e-05 3.6212507e-05 5.3230258e-05 9.9981374e-01]
test_935,[1.2713008e-07 9.9990129e-01 9.8581972e-05 2.3775398e-08]
test_936,[2.6651975e-07 1.8376953e-03 9.9816197e-01 9.5244225e-08]
test_937,[1.5962663e-03 6.3113717e-04 3.3280484e-02 9.6449220e-01]
test_938,[1.27668653e-04 1.23670045e-02 9.87505198e-01 4.15754329e-08]
test_939,[1.0295607e-08 3.4259750e-07 2.1156819e-09 9.9999964e-01]
test_940,[3.1689298e-05 9.7437944e-05 5.0159051e-05 9.9982065e-01]
test_941,[2.1470129e-05 5.6160778e-02 9.4381768e-01 4.1941142e-08]
test_942,[1.5409130e-05 6.1084935e-03 9.9387604e-01 6.1561522e-08]
test_943,[3.1124275e-02 2.4772952e-01 7.2111177e-01 3.4463734e-05]
test_944,[1.1780089e-05 1.9360330e-02 9.8062772e-01 1.7593341e-07]
test_945,[3.2637997e-06 2.2312235e-03 9.9776554e-01 5.0128510e-09]
test_946,[8.9047838e-04 8.4281188e-01 1.5628919e-01 8.3916939e-06]
test_947,[1.3555474e-06 2.5792662e-03 9.9741948e-01 5.8749658e-09]
test_948,[4.9265497e-04 9.3018013e-01 6.9315463e-02 1.1758145e-05]
test_949,[8.1145141e-04 1.6533185e-02 9.8265302e-01 2.3563828e-06]
